,Date,Symbol
0,2013-01-01,ABB
1,2013-01-01,SUZLON
2,2013-01-01,GUJFLUORO
3,2013-01-01,GVKPIL
4,2013-01-01,BHUSANSTL
5,2013-01-01,WELCORP
6,2013-01-01,IVRCLINFRA
7,2013-01-01,STER
8,2013-01-01,SINTEX
9,2013-01-01,RAYMOND
10,2013-01-01,INDHOTEL
11,2013-01-01,CHAMBLFERT
12,2013-01-01,OPTOCIRCUI
13,2013-01-01,FINANTECH
14,2013-01-01,PUNJLLOYD
15,2013-01-01,RENUKA
16,2013-01-01,GSPL
17,2013-01-01,DENABANK
18,2013-01-01,VIJAYABANK
19,2013-01-01,FEL
20,2013-01-01,UNITDSPR
21,2013-01-01,RANBAXY
22,2013-01-01,JPPOWER
23,2013-01-01,UCOBANK
24,2013-01-01,IOB
25,2013-01-01,UNITECH
26,2013-01-01,MCLEODRUSS
27,2013-01-01,CROMPGREAV
28,2013-01-01,CAIRN
29,2013-01-01,ABIRLANUVO
30,2013-01-01,IBREALEST
31,2013-01-01,JSWENERGY
32,2013-01-01,HDIL
33,2013-01-01,ANDHRABANK
34,2013-01-01,PTC
35,2013-01-01,RCOM
36,2013-01-01,JPASSOCIAT
37,2013-01-01,GODREJIND
38,2013-01-01,IFCI
39,2013-01-01,IRB
40,2013-01-01,INDIACEM
41,2013-01-01,IDFC
42,2013-01-01,JISLJALEQS
43,2013-01-01,NHPC
44,2013-01-01,ORIENTBANK
45,2013-01-01,SYNDIBANK
46,2013-01-01,KTKBANK
47,2013-01-01,ALBK
48,2013-01-01,TATACOMM
49,2013-01-01,RPOWER
50,2013-01-01,HINDZINC
51,2013-01-01,RELINFRA
52,2013-01-01,RELCAPITAL
53,2013-01-01,ARVIND
54,2013-01-01,OFSS
55,2013-01-01,IDBI
56,2013-01-01,BANKINDIA
57,2013-01-01,UNIONBANK
58,2013-01-01,HEXAWARE
59,2013-01-01,DISHTV
60,2013-01-01,TATAMTRDVR
61,2013-01-01,TATACONSUM
62,2013-01-01,CESC
63,2013-01-01,YESBANK
64,2013-01-01,ADANIPOWER
65,2013-01-01,CENTURYTEX
66,2013-01-01,SRTRANSFIN
67,2013-01-01,HDFC
68,2013-01-01,ZEEL
69,2013-01-01,TCS
70,2013-01-01,UPL
71,2013-01-01,SIEMENS
72,2013-01-01,SBIN
73,2013-01-01,SAIL
74,2013-01-01,VOLTAS
75,2013-01-01,VEDL
76,2013-01-01,RECLTD
77,2013-01-01,RELIANCE
78,2013-01-01,TATAMOTORS
79,2013-01-01,TITAN
80,2013-01-01,TATAPOWER
81,2013-01-01,TATASTEEL
82,2013-01-01,TECHM
83,2013-01-01,ULTRACEMCO
84,2013-01-01,SUNPHARMA
85,2013-01-01,SUNTV
86,2013-01-01,TATACHEM
87,2013-01-01,WIPRO
88,2013-01-01,CIPLA
89,2013-01-01,COALINDIA
90,2013-01-01,COLPAL
91,2013-01-01,DABUR
92,2013-01-01,DIVISLAB
93,2013-01-01,DLF
94,2013-01-01,CANBK
95,2013-01-01,DRREDDY
96,2013-01-01,EXIDEIND
97,2013-01-01,FEDERALBNK
98,2013-01-01,GAIL
99,2013-01-01,GMRINFRA
100,2013-01-01,GRASIM
101,2013-01-01,HAVELLS
102,2013-01-01,HCLTECH
103,2013-01-01,ACC
104,2013-01-01,ADANIENT
105,2013-01-01,ADANIPORTS
106,2013-01-01,AMBUJACEM
107,2013-01-01,APOLLOTYRE
108,2013-01-01,ASHOKLEY
109,2013-01-01,ASIANPAINT
110,2013-01-01,AUROPHARMA
111,2013-01-01,AXISBANK
112,2013-01-01,BPCL
113,2013-01-01,BAJAJ_AUTO
114,2013-01-01,BANKBARODA
115,2013-01-01,BATAINDIA
116,2013-01-01,BHARATFORG
117,2013-01-01,BHARTIARTL
118,2013-01-01,BHEL
119,2013-01-01,BIOCON
120,2013-01-01,HDFCBANK
121,2013-01-01,HEROMOTOCO
122,2013-01-01,HINDALCO
123,2013-01-01,MRF
124,2013-01-01,MARUTI
125,2013-01-01,NTPC
126,2013-01-01,ONGC
127,2013-01-01,PETRONET
128,2013-01-01,PFC
129,2013-01-01,PNB
130,2013-01-01,POWERGRID
131,2013-01-01,NMDC
132,2013-01-01,HINDPETRO
133,2013-01-01,HINDUNILVR
134,2013-01-01,ICICIBANK
135,2013-01-01,IDEA
136,2013-01-01,IGL
137,2013-01-01,INDUSINDBK
138,2013-01-01,INFY
139,2013-01-01,IOC
140,2013-01-01,ITC
141,2013-01-01,JINDALSTEL
142,2013-01-01,JSWSTEEL
143,2013-01-01,JUBLFOOD
144,2013-01-01,KOTAKBANK
145,2013-01-01,LICHSGFIN
146,2013-01-01,LT
147,2013-01-01,LUPIN
148,2013-01-01,M_M
149,2013-07-01,STER
150,2013-07-01,SINTEX
151,2013-07-01,RAYMOND
152,2013-07-01,INDHOTEL
153,2013-07-01,CHAMBLFERT
154,2013-07-01,OPTOCIRCUI
155,2013-07-01,FINANTECH
156,2013-07-01,PUNJLLOYD
157,2013-07-01,RENUKA
158,2013-07-01,GSPL
159,2013-07-01,DENABANK
160,2013-07-01,VIJAYABANK
161,2013-07-01,FEL
162,2013-07-01,UNITDSPR
163,2013-07-01,RANBAXY
164,2013-07-01,JPPOWER
165,2013-07-01,UCOBANK
166,2013-07-01,IOB
167,2013-07-01,UNITECH
168,2013-07-01,MCLEODRUSS
169,2013-07-01,CROMPGREAV
170,2013-07-01,CAIRN
171,2013-07-01,ABIRLANUVO
172,2013-07-01,IBREALEST
173,2013-07-01,JSWENERGY
174,2013-07-01,HDIL
175,2013-07-01,ANDHRABANK
176,2013-07-01,PTC
177,2013-07-01,RCOM
178,2013-07-01,JPASSOCIAT
179,2013-07-01,GODREJIND
180,2013-07-01,IFCI
181,2013-07-01,IRB
182,2013-07-01,INDIACEM
183,2013-07-01,IDFC
184,2013-07-01,JISLJALEQS
185,2013-07-01,NHPC
186,2013-07-01,ORIENTBANK
187,2013-07-01,SYNDIBANK
188,2013-07-01,KTKBANK
189,2013-07-01,ALBK
190,2013-07-01,TATACOMM
191,2013-07-01,RPOWER
192,2013-07-01,HINDZINC
193,2013-07-01,RELINFRA
194,2013-07-01,RELCAPITAL
195,2013-07-01,ARVIND
196,2013-07-01,OFSS
197,2013-07-01,IDBI
198,2013-07-01,BANKINDIA
199,2013-07-01,UNIONBANK
200,2013-07-01,HEXAWARE
201,2013-07-01,DISHTV
202,2013-07-01,TATAMTRDVR
203,2013-07-01,TATACONSUM
204,2013-07-01,CESC
205,2013-07-01,YESBANK
206,2013-07-01,ADANIPOWER
207,2013-07-01,CENTURYTEX
208,2013-07-01,SRTRANSFIN
209,2013-07-01,HDFC
210,2013-07-01,ZEEL
211,2013-07-01,TCS
212,2013-07-01,UPL
213,2013-07-01,SIEMENS
214,2013-07-01,SBIN
215,2013-07-01,SAIL
216,2013-07-01,VOLTAS
217,2013-07-01,VEDL
218,2013-07-01,RECLTD
219,2013-07-01,RELIANCE
220,2013-07-01,TATAMOTORS
221,2013-07-01,TITAN
222,2013-07-01,TATAPOWER
223,2013-07-01,TATASTEEL
224,2013-07-01,TECHM
225,2013-07-01,ULTRACEMCO
226,2013-07-01,SUNPHARMA
227,2013-07-01,SUNTV
228,2013-07-01,TATACHEM
229,2013-07-01,WIPRO
230,2013-07-01,CIPLA
231,2013-07-01,COALINDIA
232,2013-07-01,COLPAL
233,2013-07-01,DABUR
234,2013-07-01,DIVISLAB
235,2013-07-01,DLF
236,2013-07-01,CANBK
237,2013-07-01,DRREDDY
238,2013-07-01,EXIDEIND
239,2013-07-01,FEDERALBNK
240,2013-07-01,GAIL
241,2013-07-01,GMRINFRA
242,2013-07-01,GRASIM
243,2013-07-01,HAVELLS
244,2013-07-01,HCLTECH
245,2013-07-01,ACC
246,2013-07-01,ADANIENT
247,2013-07-01,ADANIPORTS
248,2013-07-01,AMBUJACEM
249,2013-07-01,APOLLOTYRE
250,2013-07-01,ASHOKLEY
251,2013-07-01,ASIANPAINT
252,2013-07-01,AUROPHARMA
253,2013-07-01,AXISBANK
254,2013-07-01,BPCL
255,2013-07-01,BAJAJ_AUTO
256,2013-07-01,BANKBARODA
257,2013-07-01,BATAINDIA
258,2013-07-01,BHARATFORG
259,2013-07-01,BHARTIARTL
260,2013-07-01,BHEL
261,2013-07-01,BIOCON
262,2013-07-01,HDFCBANK
263,2013-07-01,HEROMOTOCO
264,2013-07-01,HINDALCO
265,2013-07-01,MRF
266,2013-07-01,MARUTI
267,2013-07-01,NTPC
268,2013-07-01,ONGC
269,2013-07-01,PETRONET
270,2013-07-01,PFC
271,2013-07-01,PNB
272,2013-07-01,POWERGRID
273,2013-07-01,NMDC
274,2013-07-01,HINDPETRO
275,2013-07-01,HINDUNILVR
276,2013-07-01,ICICIBANK
277,2013-07-01,IDEA
278,2013-07-01,IGL
279,2013-07-01,INDUSINDBK
280,2013-07-01,INFY
281,2013-07-01,IOC
282,2013-07-01,ITC
283,2013-07-01,JINDALSTEL
284,2013-07-01,JSWSTEEL
285,2013-07-01,JUBLFOOD
286,2013-07-01,KOTAKBANK
287,2013-07-01,LICHSGFIN
288,2013-07-01,LT
289,2013-07-01,LUPIN
290,2013-07-01,M_M
291,2014-01-01,FEL
292,2014-01-01,GSKCONS
293,2014-01-01,UNITDSPR
294,2014-01-01,RANBAXY
295,2014-01-01,JPPOWER
296,2014-01-01,UCOBANK
297,2014-01-01,IOB
298,2014-01-01,UNITECH
299,2014-01-01,MCLEODRUSS
300,2014-01-01,CROMPGREAV
301,2014-01-01,CAIRN
302,2014-01-01,ABIRLANUVO
303,2014-01-01,IBREALEST
304,2014-01-01,JSWENERGY
305,2014-01-01,HDIL
306,2014-01-01,ANDHRABANK
307,2014-01-01,PTC
308,2014-01-01,RCOM
309,2014-01-01,JPASSOCIAT
310,2014-01-01,GODREJIND
311,2014-01-01,IFCI
312,2014-01-01,IRB
313,2014-01-01,INDIACEM
314,2014-01-01,IDFC
315,2014-01-01,JISLJALEQS
316,2014-01-01,NHPC
317,2014-01-01,ORIENTBANK
318,2014-01-01,SYNDIBANK
319,2014-01-01,KTKBANK
320,2014-01-01,ALBK
321,2014-01-01,TATACOMM
322,2014-01-01,RPOWER
323,2014-01-01,HINDZINC
324,2014-01-01,RELINFRA
325,2014-01-01,RELCAPITAL
326,2014-01-01,ARVIND
327,2014-01-01,OFSS
328,2014-01-01,IDBI
329,2014-01-01,BANKINDIA
330,2014-01-01,UNIONBANK
331,2014-01-01,HEXAWARE
332,2014-01-01,DISHTV
333,2014-01-01,TATAMTRDVR
334,2014-01-01,TATACONSUM
335,2014-01-01,CESC
336,2014-01-01,YESBANK
337,2014-01-01,ADANIPOWER
338,2014-01-01,CENTURYTEX
339,2014-01-01,SRTRANSFIN
340,2014-01-01,HDFC
341,2014-01-01,ZEEL
342,2014-01-01,TCS
343,2014-01-01,UPL
344,2014-01-01,SIEMENS
345,2014-01-01,SBIN
346,2014-01-01,SAIL
347,2014-01-01,VOLTAS
348,2014-01-01,VEDL
349,2014-01-01,RECLTD
350,2014-01-01,RELIANCE
351,2014-01-01,TATAMOTORS
352,2014-01-01,TITAN
353,2014-01-01,TATAPOWER
354,2014-01-01,TATASTEEL
355,2014-01-01,TECHM
356,2014-01-01,UBL
357,2014-01-01,ULTRACEMCO
358,2014-01-01,SUNPHARMA
359,2014-01-01,SUNTV
360,2014-01-01,TATACHEM
361,2014-01-01,WIPRO
362,2014-01-01,CIPLA
363,2014-01-01,COALINDIA
364,2014-01-01,COLPAL
365,2014-01-01,DABUR
366,2014-01-01,DIVISLAB
367,2014-01-01,DLF
368,2014-01-01,CANBK
369,2014-01-01,DRREDDY
370,2014-01-01,EXIDEIND
371,2014-01-01,FEDERALBNK
372,2014-01-01,GAIL
373,2014-01-01,GLENMARK
374,2014-01-01,GMRINFRA
375,2014-01-01,GRASIM
376,2014-01-01,HAVELLS
377,2014-01-01,HCLTECH
378,2014-01-01,ACC
379,2014-01-01,ADANIENT
380,2014-01-01,ADANIPORTS
381,2014-01-01,AMBUJACEM
382,2014-01-01,APOLLOHOSP
383,2014-01-01,APOLLOTYRE
384,2014-01-01,ASHOKLEY
385,2014-01-01,ASIANPAINT
386,2014-01-01,AUROPHARMA
387,2014-01-01,AXISBANK
388,2014-01-01,BPCL
389,2014-01-01,BAJAJ_AUTO
390,2014-01-01,BANKBARODA
391,2014-01-01,BATAINDIA
392,2014-01-01,BHARATFORG
393,2014-01-01,BHARTIARTL
394,2014-01-01,BHEL
395,2014-01-01,BIOCON
396,2014-01-01,HDFCBANK
397,2014-01-01,HEROMOTOCO
398,2014-01-01,HINDALCO
399,2014-01-01,MRF
400,2014-01-01,MARUTI
401,2014-01-01,NTPC
402,2014-01-01,ONGC
403,2014-01-01,PETRONET
404,2014-01-01,PFC
405,2014-01-01,PNB
406,2014-01-01,POWERGRID
407,2014-01-01,NMDC
408,2014-01-01,M_MFIN
409,2014-01-01,HINDPETRO
410,2014-01-01,HINDUNILVR
411,2014-01-01,ICICIBANK
412,2014-01-01,IDEA
413,2014-01-01,IGL
414,2014-01-01,INDUSINDBK
415,2014-01-01,INFY
416,2014-01-01,IOC
417,2014-01-01,ITC
418,2014-01-01,JINDALSTEL
419,2014-01-01,JSWSTEEL
420,2014-01-01,JUBLFOOD
421,2014-01-01,KOTAKBANK
422,2014-01-01,LICHSGFIN
423,2014-01-01,LT
424,2014-01-01,LUPIN
425,2014-01-01,M_M
426,2014-07-01,UNITDSPR
427,2014-07-01,RANBAXY
428,2014-07-01,JPPOWER
429,2014-07-01,UCOBANK
430,2014-07-01,IOB
431,2014-07-01,UNITECH
432,2014-07-01,MCLEODRUSS
433,2014-07-01,CROMPGREAV
434,2014-07-01,CAIRN
435,2014-07-01,ABIRLANUVO
436,2014-07-01,IBREALEST
437,2014-07-01,JSWENERGY
438,2014-07-01,HDIL
439,2014-07-01,ANDHRABANK
440,2014-07-01,PTC
441,2014-07-01,RCOM
442,2014-07-01,JPASSOCIAT
443,2014-07-01,GODREJIND
444,2014-07-01,IFCI
445,2014-07-01,IRB
446,2014-07-01,INDIACEM
447,2014-07-01,IDFC
448,2014-07-01,JISLJALEQS
449,2014-07-01,NHPC
450,2014-07-01,ORIENTBANK
451,2014-07-01,SYNDIBANK
452,2014-07-01,KTKBANK
453,2014-07-01,ALBK
454,2014-07-01,TATACOMM
455,2014-07-01,RPOWER
456,2014-07-01,HINDZINC
457,2014-07-01,RELINFRA
458,2014-07-01,RELCAPITAL
459,2014-07-01,ARVIND
460,2014-07-01,OFSS
461,2014-07-01,IDBI
462,2014-07-01,BANKINDIA
463,2014-07-01,UNIONBANK
464,2014-07-01,HEXAWARE
465,2014-07-01,DISHTV
466,2014-07-01,TATAMTRDVR
467,2014-07-01,TATACONSUM
468,2014-07-01,CESC
469,2014-07-01,YESBANK
470,2014-07-01,ADANIPOWER
471,2014-07-01,JUSTDIAL
472,2014-07-01,CENTURYTEX
473,2014-07-01,SRTRANSFIN
474,2014-07-01,HDFC
475,2014-07-01,L_TFH
476,2014-07-01,ZEEL
477,2014-07-01,TCS
478,2014-07-01,UPL
479,2014-07-01,SIEMENS
480,2014-07-01,SBIN
481,2014-07-01,SAIL
482,2014-07-01,VOLTAS
483,2014-07-01,VEDL
484,2014-07-01,RECLTD
485,2014-07-01,RELIANCE
486,2014-07-01,TATAMOTORS
487,2014-07-01,TITAN
488,2014-07-01,TATAPOWER
489,2014-07-01,TATASTEEL
490,2014-07-01,TECHM
491,2014-07-01,UBL
492,2014-07-01,ULTRACEMCO
493,2014-07-01,SUNPHARMA
494,2014-07-01,SUNTV
495,2014-07-01,TATACHEM
496,2014-07-01,WIPRO
497,2014-07-01,CIPLA
498,2014-07-01,COALINDIA
499,2014-07-01,COLPAL
500,2014-07-01,DABUR
501,2014-07-01,DIVISLAB
502,2014-07-01,DLF
503,2014-07-01,CANBK
504,2014-07-01,DRREDDY
505,2014-07-01,EXIDEIND
506,2014-07-01,FEDERALBNK
507,2014-07-01,GAIL
508,2014-07-01,GLENMARK
509,2014-07-01,GMRINFRA
510,2014-07-01,GRASIM
511,2014-07-01,HAVELLS
512,2014-07-01,HCLTECH
513,2014-07-01,ACC
514,2014-07-01,ADANIENT
515,2014-07-01,ADANIPORTS
516,2014-07-01,AMBUJACEM
517,2014-07-01,APOLLOHOSP
518,2014-07-01,APOLLOTYRE
519,2014-07-01,ASHOKLEY
520,2014-07-01,ASIANPAINT
521,2014-07-01,AUROPHARMA
522,2014-07-01,AXISBANK
523,2014-07-01,BPCL
524,2014-07-01,BAJAJ_AUTO
525,2014-07-01,BANKBARODA
526,2014-07-01,BATAINDIA
527,2014-07-01,BHARATFORG
528,2014-07-01,BHARTIARTL
529,2014-07-01,BHEL
530,2014-07-01,BIOCON
531,2014-07-01,HDFCBANK
532,2014-07-01,HEROMOTOCO
533,2014-07-01,HINDALCO
534,2014-07-01,MRF
535,2014-07-01,MARUTI
536,2014-07-01,NTPC
537,2014-07-01,ONGC
538,2014-07-01,PETRONET
539,2014-07-01,PFC
540,2014-07-01,PNB
541,2014-07-01,POWERGRID
542,2014-07-01,NMDC
543,2014-07-01,M_MFIN
544,2014-07-01,HINDPETRO
545,2014-07-01,HINDUNILVR
546,2014-07-01,ICICIBANK
547,2014-07-01,IDEA
548,2014-07-01,IGL
549,2014-07-01,INDUSINDBK
550,2014-07-01,INFY
551,2014-07-01,IOC
552,2014-07-01,ITC
553,2014-07-01,JINDALSTEL
554,2014-07-01,JSWSTEEL
555,2014-07-01,JUBLFOOD
556,2014-07-01,KOTAKBANK
557,2014-07-01,LICHSGFIN
558,2014-07-01,LT
559,2014-07-01,LUPIN
560,2014-07-01,M_M
561,2015-01-01,RANBAXY
562,2015-01-01,JPPOWER
563,2015-01-01,AMTEKAUTO
564,2015-01-01,UCOBANK
565,2015-01-01,IOB
566,2015-01-01,UNITECH
567,2015-01-01,MCLEODRUSS
568,2015-01-01,CROMPGREAV
569,2015-01-01,CAIRN
570,2015-01-01,ABIRLANUVO
571,2015-01-01,IBREALEST
572,2015-01-01,JSWENERGY
573,2015-01-01,HDIL
574,2015-01-01,ANDHRABANK
575,2015-01-01,PTC
576,2015-01-01,RCOM
577,2015-01-01,JPASSOCIAT
578,2015-01-01,GODREJIND
579,2015-01-01,IFCI
580,2015-01-01,IRB
581,2015-01-01,INDIACEM
582,2015-01-01,WOCKPHARMA
583,2015-01-01,IDFC
584,2015-01-01,JISLJALEQS
585,2015-01-01,NHPC
586,2015-01-01,ORIENTBANK
587,2015-01-01,SYNDIBANK
588,2015-01-01,KTKBANK
589,2015-01-01,ALBK
590,2015-01-01,TATACOMM
591,2015-01-01,RPOWER
592,2015-01-01,BHARATFIN
593,2015-01-01,HINDZINC
594,2015-01-01,RELINFRA
595,2015-01-01,RELCAPITAL
596,2015-01-01,ARVIND
597,2015-01-01,OFSS
598,2015-01-01,IDBI
599,2015-01-01,ENGINERSIN
600,2015-01-01,STAR
601,2015-01-01,BANKINDIA
602,2015-01-01,UNIONBANK
603,2015-01-01,HEXAWARE
604,2015-01-01,DISHTV
605,2015-01-01,TATAMTRDVR
606,2015-01-01,TATACONSUM
607,2015-01-01,CESC
608,2015-01-01,YESBANK
609,2015-01-01,ADANIPOWER
610,2015-01-01,JUSTDIAL
611,2015-01-01,CENTURYTEX
612,2015-01-01,MINDTREE
613,2015-01-01,SRTRANSFIN
614,2015-01-01,HDFC
615,2015-01-01,IBULHSGFIN
616,2015-01-01,L_TFH
617,2015-01-01,ZEEL
618,2015-01-01,TCS
619,2015-01-01,UPL
620,2015-01-01,SIEMENS
621,2015-01-01,SBIN
622,2015-01-01,SAIL
623,2015-01-01,VOLTAS
624,2015-01-01,VEDL
625,2015-01-01,RECLTD
626,2015-01-01,RELIANCE
627,2015-01-01,TATAMOTORS
628,2015-01-01,TITAN
629,2015-01-01,TATAPOWER
630,2015-01-01,TATASTEEL
631,2015-01-01,TECHM
632,2015-01-01,UBL
633,2015-01-01,ULTRACEMCO
634,2015-01-01,SUNPHARMA
635,2015-01-01,SUNTV
636,2015-01-01,TVSMOTOR
637,2015-01-01,TATACHEM
638,2015-01-01,WIPRO
639,2015-01-01,CIPLA
640,2015-01-01,COALINDIA
641,2015-01-01,COLPAL
642,2015-01-01,DABUR
643,2015-01-01,DIVISLAB
644,2015-01-01,DLF
645,2015-01-01,CANBK
646,2015-01-01,DRREDDY
647,2015-01-01,EXIDEIND
648,2015-01-01,FEDERALBNK
649,2015-01-01,GAIL
650,2015-01-01,GLENMARK
651,2015-01-01,GMRINFRA
652,2015-01-01,GRASIM
653,2015-01-01,HAVELLS
654,2015-01-01,EICHERMOT
655,2015-01-01,HCLTECH
656,2015-01-01,BOSCHLTD
657,2015-01-01,ACC
658,2015-01-01,ADANIENT
659,2015-01-01,ADANIPORTS
660,2015-01-01,AMBUJACEM
661,2015-01-01,APOLLOHOSP
662,2015-01-01,APOLLOTYRE
663,2015-01-01,ASHOKLEY
664,2015-01-01,ASIANPAINT
665,2015-01-01,AUROPHARMA
666,2015-01-01,AXISBANK
667,2015-01-01,BPCL
668,2015-01-01,BAJAJ_AUTO
669,2015-01-01,BANKBARODA
670,2015-01-01,BATAINDIA
671,2015-01-01,BHARATFORG
672,2015-01-01,BHARTIARTL
673,2015-01-01,BHEL
674,2015-01-01,BIOCON
675,2015-01-01,HDFCBANK
676,2015-01-01,HEROMOTOCO
677,2015-01-01,HINDALCO
678,2015-01-01,MOTHERSON
679,2015-01-01,MRF
680,2015-01-01,MARUTI
681,2015-01-01,NTPC
682,2015-01-01,ONGC
683,2015-01-01,PETRONET
684,2015-01-01,PFC
685,2015-01-01,PNB
686,2015-01-01,POWERGRID
687,2015-01-01,NMDC
688,2015-01-01,M_MFIN
689,2015-01-01,HINDPETRO
690,2015-01-01,HINDUNILVR
691,2015-01-01,ICICIBANK
692,2015-01-01,IDEA
693,2015-01-01,IGL
694,2015-01-01,INDUSINDBK
695,2015-01-01,INFY
696,2015-01-01,IOC
697,2015-01-01,ITC
698,2015-01-01,JINDALSTEL
699,2015-01-01,JSWSTEEL
700,2015-01-01,JUBLFOOD
701,2015-01-01,KOTAKBANK
702,2015-01-01,LICHSGFIN
703,2015-01-01,LT
704,2015-01-01,LUPIN
705,2015-01-01,M_M
706,2015-07-01,JPPOWER
707,2015-07-01,AMTEKAUTO
708,2015-07-01,UCOBANK
709,2015-07-01,IOB
710,2015-07-01,UNITECH
711,2015-07-01,MCLEODRUSS
712,2015-07-01,CROMPGREAV
713,2015-07-01,CAIRN
714,2015-07-01,ABIRLANUVO
715,2015-07-01,IBREALEST
716,2015-07-01,JSWENERGY
717,2015-07-01,HDIL
718,2015-07-01,ANDHRABANK
719,2015-07-01,PTC
720,2015-07-01,RCOM
721,2015-07-01,JPASSOCIAT
722,2015-07-01,GODREJIND
723,2015-07-01,IFCI
724,2015-07-01,IRB
725,2015-07-01,INDIACEM
726,2015-07-01,WOCKPHARMA
727,2015-07-01,IDFC
728,2015-07-01,KSCL
729,2015-07-01,JISLJALEQS
730,2015-07-01,NHPC
731,2015-07-01,ORIENTBANK
732,2015-07-01,SOUTHBANK
733,2015-07-01,SYNDIBANK
734,2015-07-01,CEATLTD
735,2015-07-01,KTKBANK
736,2015-07-01,ALBK
737,2015-07-01,AJANTPHARM
738,2015-07-01,TATACOMM
739,2015-07-01,RPOWER
740,2015-07-01,BHARATFIN
741,2015-07-01,HINDZINC
742,2015-07-01,RELINFRA
743,2015-07-01,RELCAPITAL
744,2015-07-01,ARVIND
745,2015-07-01,OFSS
746,2015-07-01,IDBI
747,2015-07-01,ENGINERSIN
748,2015-07-01,DHFL
749,2015-07-01,STAR
750,2015-07-01,BANKINDIA
751,2015-07-01,UNIONBANK
752,2015-07-01,HEXAWARE
753,2015-07-01,DISHTV
754,2015-07-01,TATAMTRDVR
755,2015-07-01,CASTROLIND
756,2015-07-01,TATACONSUM
757,2015-07-01,OIL
758,2015-07-01,CESC
759,2015-07-01,YESBANK
760,2015-07-01,ADANIPOWER
761,2015-07-01,JUSTDIAL
762,2015-07-01,CENTURYTEX
763,2015-07-01,MINDTREE
764,2015-07-01,SRTRANSFIN
765,2015-07-01,AMARAJABAT
766,2015-07-01,HDFC
767,2015-07-01,IBULHSGFIN
768,2015-07-01,L_TFH
769,2015-07-01,ZEEL
770,2015-07-01,TCS
771,2015-07-01,UPL
772,2015-07-01,SIEMENS
773,2015-07-01,SBIN
774,2015-07-01,SAIL
775,2015-07-01,VOLTAS
776,2015-07-01,VEDL
777,2015-07-01,RECLTD
778,2015-07-01,SRF
779,2015-07-01,RELIANCE
780,2015-07-01,TATAMOTORS
781,2015-07-01,TITAN
782,2015-07-01,TATAPOWER
783,2015-07-01,TATASTEEL
784,2015-07-01,TECHM
785,2015-07-01,UBL
786,2015-07-01,ULTRACEMCO
787,2015-07-01,SUNPHARMA
788,2015-07-01,SUNTV
789,2015-07-01,TVSMOTOR
790,2015-07-01,TATACHEM
791,2015-07-01,WIPRO
792,2015-07-01,CIPLA
793,2015-07-01,COALINDIA
794,2015-07-01,COLPAL
795,2015-07-01,DABUR
796,2015-07-01,DIVISLAB
797,2015-07-01,DLF
798,2015-07-01,CANBK
799,2015-07-01,DRREDDY
800,2015-07-01,EXIDEIND
801,2015-07-01,FEDERALBNK
802,2015-07-01,GAIL
803,2015-07-01,GLENMARK
804,2015-07-01,GMRINFRA
805,2015-07-01,GRASIM
806,2015-07-01,HAVELLS
807,2015-07-01,EICHERMOT
808,2015-07-01,HCLTECH
809,2015-07-01,BRITANNIA
810,2015-07-01,BOSCHLTD
811,2015-07-01,ACC
812,2015-07-01,ADANIENT
813,2015-07-01,ADANIPORTS
814,2015-07-01,AMBUJACEM
815,2015-07-01,APOLLOHOSP
816,2015-07-01,APOLLOTYRE
817,2015-07-01,ASHOKLEY
818,2015-07-01,ASIANPAINT
819,2015-07-01,AUROPHARMA
820,2015-07-01,AXISBANK
821,2015-07-01,BPCL
822,2015-07-01,BAJAJ_AUTO
823,2015-07-01,BAJFINANCE
824,2015-07-01,BANKBARODA
825,2015-07-01,BATAINDIA
826,2015-07-01,BEL
827,2015-07-01,BHARATFORG
828,2015-07-01,BHARTIARTL
829,2015-07-01,BHEL
830,2015-07-01,BIOCON
831,2015-07-01,HDFCBANK
832,2015-07-01,HEROMOTOCO
833,2015-07-01,HINDALCO
834,2015-07-01,MOTHERSON
835,2015-07-01,MRF
836,2015-07-01,MARUTI
837,2015-07-01,NTPC
838,2015-07-01,ONGC
839,2015-07-01,PAGEIND
840,2015-07-01,PETRONET
841,2015-07-01,PFC
842,2015-07-01,PIDILITIND
843,2015-07-01,PNB
844,2015-07-01,POWERGRID
845,2015-07-01,NMDC
846,2015-07-01,M_MFIN
847,2015-07-01,HINDPETRO
848,2015-07-01,HINDUNILVR
849,2015-07-01,ICICIBANK
850,2015-07-01,IDEA
851,2015-07-01,IGL
852,2015-07-01,INDUSINDBK
853,2015-07-01,INFY
854,2015-07-01,IOC
855,2015-07-01,ITC
856,2015-07-01,JINDALSTEL
857,2015-07-01,JSWSTEEL
858,2015-07-01,JUBLFOOD
859,2015-07-01,KOTAKBANK
860,2015-07-01,LICHSGFIN
861,2015-07-01,LT
862,2015-07-01,LUPIN
863,2015-07-01,M_M
864,2016-01-01,UCOBANK
865,2016-01-01,IOB
866,2016-01-01,UNITECH
867,2016-01-01,MCLEODRUSS
868,2016-01-01,CROMPGREAV
869,2016-01-01,CAIRN
870,2016-01-01,ABIRLANUVO
871,2016-01-01,IBREALEST
872,2016-01-01,JSWENERGY
873,2016-01-01,HDIL
874,2016-01-01,ANDHRABANK
875,2016-01-01,PTC
876,2016-01-01,RCOM
877,2016-01-01,JPASSOCIAT
878,2016-01-01,TV18BRDCST
879,2016-01-01,GODREJIND
880,2016-01-01,IFCI
881,2016-01-01,IRB
882,2016-01-01,INDIACEM
883,2016-01-01,WOCKPHARMA
884,2016-01-01,IDFC
885,2016-01-01,KSCL
886,2016-01-01,JISLJALEQS
887,2016-01-01,NHPC
888,2016-01-01,BEML
889,2016-01-01,ORIENTBANK
890,2016-01-01,JETAIRWAYS
891,2016-01-01,SOUTHBANK
892,2016-01-01,SYNDIBANK
893,2016-01-01,CEATLTD
894,2016-01-01,KTKBANK
895,2016-01-01,ALBK
896,2016-01-01,AJANTPHARM
897,2016-01-01,TATACOMM
898,2016-01-01,RPOWER
899,2016-01-01,BHARATFIN
900,2016-01-01,HINDZINC
901,2016-01-01,RELINFRA
902,2016-01-01,RELCAPITAL
903,2016-01-01,ARVIND
904,2016-01-01,OFSS
905,2016-01-01,IDBI
906,2016-01-01,ENGINERSIN
907,2016-01-01,DHFL
908,2016-01-01,STAR
909,2016-01-01,BANKINDIA
910,2016-01-01,UNIONBANK
911,2016-01-01,HEXAWARE
912,2016-01-01,DISHTV
913,2016-01-01,TATAMTRDVR
914,2016-01-01,CASTROLIND
915,2016-01-01,TATACONSUM
916,2016-01-01,OIL
917,2016-01-01,CESC
918,2016-01-01,YESBANK
919,2016-01-01,ADANIPOWER
920,2016-01-01,JUSTDIAL
921,2016-01-01,NCC
922,2016-01-01,CENTURYTEX
923,2016-01-01,INDUSTOWER
924,2016-01-01,CADILAHC
925,2016-01-01,MINDTREE
926,2016-01-01,SRTRANSFIN
927,2016-01-01,AMARAJABAT
928,2016-01-01,HDFC
929,2016-01-01,IBULHSGFIN
930,2016-01-01,L_TFH
931,2016-01-01,ZEEL
932,2016-01-01,TCS
933,2016-01-01,UPL
934,2016-01-01,SIEMENS
935,2016-01-01,SBIN
936,2016-01-01,SAIL
937,2016-01-01,VOLTAS
938,2016-01-01,VEDL
939,2016-01-01,RECLTD
940,2016-01-01,SRF
941,2016-01-01,RELIANCE
942,2016-01-01,TATAMOTORS
943,2016-01-01,TORNTPHARM
944,2016-01-01,TITAN
945,2016-01-01,TATAPOWER
946,2016-01-01,TATASTEEL
947,2016-01-01,TECHM
948,2016-01-01,UBL
949,2016-01-01,ULTRACEMCO
950,2016-01-01,SUNPHARMA
951,2016-01-01,SUNTV
952,2016-01-01,TVSMOTOR
953,2016-01-01,TATACHEM
954,2016-01-01,WIPRO
955,2016-01-01,CIPLA
956,2016-01-01,COALINDIA
957,2016-01-01,COLPAL
958,2016-01-01,CONCOR
959,2016-01-01,DABUR
960,2016-01-01,DIVISLAB
961,2016-01-01,DLF
962,2016-01-01,CANBK
963,2016-01-01,DRREDDY
964,2016-01-01,EXIDEIND
965,2016-01-01,FEDERALBNK
966,2016-01-01,GAIL
967,2016-01-01,GLENMARK
968,2016-01-01,GMRINFRA
969,2016-01-01,GODREJCP
970,2016-01-01,GRASIM
971,2016-01-01,HAVELLS
972,2016-01-01,EICHERMOT
973,2016-01-01,HCLTECH
974,2016-01-01,BRITANNIA
975,2016-01-01,BOSCHLTD
976,2016-01-01,ACC
977,2016-01-01,ADANIENT
978,2016-01-01,ADANIPORTS
979,2016-01-01,AMBUJACEM
980,2016-01-01,APOLLOHOSP
981,2016-01-01,APOLLOTYRE
982,2016-01-01,ASHOKLEY
983,2016-01-01,ASIANPAINT
984,2016-01-01,AUROPHARMA
985,2016-01-01,AXISBANK
986,2016-01-01,BPCL
987,2016-01-01,BAJAJ_AUTO
988,2016-01-01,BAJFINANCE
989,2016-01-01,BANKBARODA
990,2016-01-01,BATAINDIA
991,2016-01-01,BEL
992,2016-01-01,BHARATFORG
993,2016-01-01,BHARTIARTL
994,2016-01-01,BHEL
995,2016-01-01,BIOCON
996,2016-01-01,HDFCBANK
997,2016-01-01,HEROMOTOCO
998,2016-01-01,HINDALCO
999,2016-01-01,MOTHERSON
1000,2016-01-01,MRF
1001,2016-01-01,MARUTI
1002,2016-01-01,NTPC
1003,2016-01-01,ONGC
1004,2016-01-01,PAGEIND
1005,2016-01-01,PETRONET
1006,2016-01-01,PFC
1007,2016-01-01,PIDILITIND
1008,2016-01-01,PNB
1009,2016-01-01,POWERGRID
1010,2016-01-01,NMDC
1011,2016-01-01,MARICO
1012,2016-01-01,M_MFIN
1013,2016-01-01,HINDPETRO
1014,2016-01-01,HINDUNILVR
1015,2016-01-01,ICICIBANK
1016,2016-01-01,IDEA
1017,2016-01-01,IGL
1018,2016-01-01,INDUSINDBK
1019,2016-01-01,INFY
1020,2016-01-01,IOC
1021,2016-01-01,ITC
1022,2016-01-01,JINDALSTEL
1023,2016-01-01,JSWSTEEL
1024,2016-01-01,JUBLFOOD
1025,2016-01-01,KOTAKBANK
1026,2016-01-01,LICHSGFIN
1027,2016-01-01,LT
1028,2016-01-01,LUPIN
1029,2016-01-01,M_M
1030,2016-07-01,SINTEX
1031,2016-07-01,UNITDSPR
1032,2016-07-01,UNITECH
1033,2016-07-01,MCLEODRUSS
1034,2016-07-01,CROMPGREAV
1035,2016-07-01,CAIRN
1036,2016-07-01,ABIRLANUVO
1037,2016-07-01,IBREALEST
1038,2016-07-01,ICIL
1039,2016-07-01,JSWENERGY
1040,2016-07-01,HDIL
1041,2016-07-01,ANDHRABANK
1042,2016-07-01,GRANULES
1043,2016-07-01,PTC
1044,2016-07-01,RCOM
1045,2016-07-01,JPASSOCIAT
1046,2016-07-01,TV18BRDCST
1047,2016-07-01,GODREJIND
1048,2016-07-01,IFCI
1049,2016-07-01,IRB
1050,2016-07-01,INDIACEM
1051,2016-07-01,WOCKPHARMA
1052,2016-07-01,IDFC
1053,2016-07-01,KSCL
1054,2016-07-01,JISLJALEQS
1055,2016-07-01,NHPC
1056,2016-07-01,BEML
1057,2016-07-01,ORIENTBANK
1058,2016-07-01,JETAIRWAYS
1059,2016-07-01,SOUTHBANK
1060,2016-07-01,PCJEWELLER
1061,2016-07-01,SYNDIBANK
1062,2016-07-01,CEATLTD
1063,2016-07-01,KTKBANK
1064,2016-07-01,ALBK
1065,2016-07-01,AJANTPHARM
1066,2016-07-01,TATACOMM
1067,2016-07-01,RPOWER
1068,2016-07-01,BHARATFIN
1069,2016-07-01,HINDZINC
1070,2016-07-01,RELINFRA
1071,2016-07-01,RELCAPITAL
1072,2016-07-01,ARVIND
1073,2016-07-01,OFSS
1074,2016-07-01,IDBI
1075,2016-07-01,ENGINERSIN
1076,2016-07-01,DHFL
1077,2016-07-01,BSOFT
1078,2016-07-01,STAR
1079,2016-07-01,BANKINDIA
1080,2016-07-01,TATAELXSI
1081,2016-07-01,UNIONBANK
1082,2016-07-01,HEXAWARE
1083,2016-07-01,DISHTV
1084,2016-07-01,TATAMTRDVR
1085,2016-07-01,CASTROLIND
1086,2016-07-01,TATACONSUM
1087,2016-07-01,OIL
1088,2016-07-01,CESC
1089,2016-07-01,YESBANK
1090,2016-07-01,ADANIPOWER
1091,2016-07-01,JUSTDIAL
1092,2016-07-01,NCC
1093,2016-07-01,CENTURYTEX
1094,2016-07-01,INDUSTOWER
1095,2016-07-01,CADILAHC
1096,2016-07-01,MINDTREE
1097,2016-07-01,SRTRANSFIN
1098,2016-07-01,AMARAJABAT
1099,2016-07-01,HDFC
1100,2016-07-01,IBULHSGFIN
1101,2016-07-01,L_TFH
1102,2016-07-01,ZEEL
1103,2016-07-01,TCS
1104,2016-07-01,UPL
1105,2016-07-01,SIEMENS
1106,2016-07-01,SBIN
1107,2016-07-01,SAIL
1108,2016-07-01,VOLTAS
1109,2016-07-01,VEDL
1110,2016-07-01,RECLTD
1111,2016-07-01,SRF
1112,2016-07-01,RELIANCE
1113,2016-07-01,TATAMOTORS
1114,2016-07-01,TORNTPHARM
1115,2016-07-01,TITAN
1116,2016-07-01,TATAPOWER
1117,2016-07-01,TATASTEEL
1118,2016-07-01,TECHM
1119,2016-07-01,UBL
1120,2016-07-01,ULTRACEMCO
1121,2016-07-01,SUNPHARMA
1122,2016-07-01,SUNTV
1123,2016-07-01,TVSMOTOR
1124,2016-07-01,TATACHEM
1125,2016-07-01,WIPRO
1126,2016-07-01,CIPLA
1127,2016-07-01,COALINDIA
1128,2016-07-01,COLPAL
1129,2016-07-01,CONCOR
1130,2016-07-01,CUMMINSIND
1131,2016-07-01,DABUR
1132,2016-07-01,DIVISLAB
1133,2016-07-01,DLF
1134,2016-07-01,CANBK
1135,2016-07-01,DRREDDY
1136,2016-07-01,EXIDEIND
1137,2016-07-01,FEDERALBNK
1138,2016-07-01,GAIL
1139,2016-07-01,GLENMARK
1140,2016-07-01,GMRINFRA
1141,2016-07-01,GODREJCP
1142,2016-07-01,GRASIM
1143,2016-07-01,HAVELLS
1144,2016-07-01,EICHERMOT
1145,2016-07-01,HCLTECH
1146,2016-07-01,BRITANNIA
1147,2016-07-01,BOSCHLTD
1148,2016-07-01,ACC
1149,2016-07-01,ADANIENT
1150,2016-07-01,ADANIPORTS
1151,2016-07-01,AMBUJACEM
1152,2016-07-01,APOLLOHOSP
1153,2016-07-01,APOLLOTYRE
1154,2016-07-01,ASHOKLEY
1155,2016-07-01,ASIANPAINT
1156,2016-07-01,AUROPHARMA
1157,2016-07-01,AXISBANK
1158,2016-07-01,BPCL
1159,2016-07-01,BAJAJ_AUTO
1160,2016-07-01,BAJFINANCE
1161,2016-07-01,BANKBARODA
1162,2016-07-01,BATAINDIA
1163,2016-07-01,BEL
1164,2016-07-01,BHARATFORG
1165,2016-07-01,BHARTIARTL
1166,2016-07-01,BHEL
1167,2016-07-01,BIOCON
1168,2016-07-01,HDFCBANK
1169,2016-07-01,HEROMOTOCO
1170,2016-07-01,HINDALCO
1171,2016-07-01,MOTHERSON
1172,2016-07-01,MRF
1173,2016-07-01,MARUTI
1174,2016-07-01,COFORGE
1175,2016-07-01,NTPC
1176,2016-07-01,ONGC
1177,2016-07-01,PAGEIND
1178,2016-07-01,PETRONET
1179,2016-07-01,PFC
1180,2016-07-01,PIDILITIND
1181,2016-07-01,PNB
1182,2016-07-01,POWERGRID
1183,2016-07-01,NMDC
1184,2016-07-01,MARICO
1185,2016-07-01,M_MFIN
1186,2016-07-01,HINDPETRO
1187,2016-07-01,HINDUNILVR
1188,2016-07-01,ICICIBANK
1189,2016-07-01,IDEA
1190,2016-07-01,IGL
1191,2016-07-01,INDUSINDBK
1192,2016-07-01,INFY
1193,2016-07-01,IOC
1194,2016-07-01,ITC
1195,2016-07-01,JINDALSTEL
1196,2016-07-01,JSWSTEEL
1197,2016-07-01,JUBLFOOD
1198,2016-07-01,KOTAKBANK
1199,2016-07-01,LICHSGFIN
1200,2016-07-01,LT
1201,2016-07-01,LUPIN
1202,2016-07-01,M_M
1203,2017-01-01,SINTEX
1204,2017-01-01,UNITDSPR
1205,2017-01-01,MCLEODRUSS
1206,2017-01-01,CROMPGREAV
1207,2017-01-01,CAIRN
1208,2017-01-01,ABIRLANUVO
1209,2017-01-01,IBREALEST
1210,2017-01-01,ICIL
1211,2017-01-01,JSWENERGY
1212,2017-01-01,HDIL
1213,2017-01-01,ANDHRABANK
1214,2017-01-01,GRANULES
1215,2017-01-01,PTC
1216,2017-01-01,RCOM
1217,2017-01-01,JPASSOCIAT
1218,2017-01-01,TV18BRDCST
1219,2017-01-01,GODREJIND
1220,2017-01-01,IFCI
1221,2017-01-01,IRB
1222,2017-01-01,INDIACEM
1223,2017-01-01,DCBBANK
1224,2017-01-01,WOCKPHARMA
1225,2017-01-01,IDFC
1226,2017-01-01,KSCL
1227,2017-01-01,JISLJALEQS
1228,2017-01-01,NHPC
1229,2017-01-01,BEML
1230,2017-01-01,ORIENTBANK
1231,2017-01-01,JETAIRWAYS
1232,2017-01-01,SOUTHBANK
1233,2017-01-01,PCJEWELLER
1234,2017-01-01,SYNDIBANK
1235,2017-01-01,CEATLTD
1236,2017-01-01,KTKBANK
1237,2017-01-01,ALBK
1238,2017-01-01,AJANTPHARM
1239,2017-01-01,TATACOMM
1240,2017-01-01,RPOWER
1241,2017-01-01,BHARATFIN
1242,2017-01-01,HINDZINC
1243,2017-01-01,RELINFRA
1244,2017-01-01,RELCAPITAL
1245,2017-01-01,ARVIND
1246,2017-01-01,OFSS
1247,2017-01-01,IDBI
1248,2017-01-01,ENGINERSIN
1249,2017-01-01,DHFL
1250,2017-01-01,BSOFT
1251,2017-01-01,STAR
1252,2017-01-01,BANKINDIA
1253,2017-01-01,TATAELXSI
1254,2017-01-01,UNIONBANK
1255,2017-01-01,HEXAWARE
1256,2017-01-01,DISHTV
1257,2017-01-01,TATAMTRDVR
1258,2017-01-01,CASTROLIND
1259,2017-01-01,TATACONSUM
1260,2017-01-01,OIL
1261,2017-01-01,CESC
1262,2017-01-01,YESBANK
1263,2017-01-01,ADANIPOWER
1264,2017-01-01,JUSTDIAL
1265,2017-01-01,NCC
1266,2017-01-01,CENTURYTEX
1267,2017-01-01,INDUSTOWER
1268,2017-01-01,CADILAHC
1269,2017-01-01,MINDTREE
1270,2017-01-01,SRTRANSFIN
1271,2017-01-01,AMARAJABAT
1272,2017-01-01,TORNTPOWER
1273,2017-01-01,HDFC
1274,2017-01-01,IBULHSGFIN
1275,2017-01-01,L_TFH
1276,2017-01-01,ZEEL
1277,2017-01-01,TCS
1278,2017-01-01,UPL
1279,2017-01-01,SIEMENS
1280,2017-01-01,SBIN
1281,2017-01-01,SAIL
1282,2017-01-01,VOLTAS
1283,2017-01-01,VEDL
1284,2017-01-01,RECLTD
1285,2017-01-01,SRF
1286,2017-01-01,RELIANCE
1287,2017-01-01,TATAMOTORS
1288,2017-01-01,TORNTPHARM
1289,2017-01-01,TITAN
1290,2017-01-01,TATAPOWER
1291,2017-01-01,TATASTEEL
1292,2017-01-01,TECHM
1293,2017-01-01,UBL
1294,2017-01-01,ULTRACEMCO
1295,2017-01-01,SUNPHARMA
1296,2017-01-01,SUNTV
1297,2017-01-01,TVSMOTOR
1298,2017-01-01,TATACHEM
1299,2017-01-01,WIPRO
1300,2017-01-01,CIPLA
1301,2017-01-01,COALINDIA
1302,2017-01-01,COLPAL
1303,2017-01-01,CONCOR
1304,2017-01-01,CUMMINSIND
1305,2017-01-01,DABUR
1306,2017-01-01,DIVISLAB
1307,2017-01-01,DLF
1308,2017-01-01,CANBK
1309,2017-01-01,DRREDDY
1310,2017-01-01,EXIDEIND
1311,2017-01-01,FEDERALBNK
1312,2017-01-01,GAIL
1313,2017-01-01,GLENMARK
1314,2017-01-01,GMRINFRA
1315,2017-01-01,GODREJCP
1316,2017-01-01,GRASIM
1317,2017-01-01,HAVELLS
1318,2017-01-01,EICHERMOT
1319,2017-01-01,HCLTECH
1320,2017-01-01,BRITANNIA
1321,2017-01-01,BOSCHLTD
1322,2017-01-01,ACC
1323,2017-01-01,ADANIENT
1324,2017-01-01,ADANIPORTS
1325,2017-01-01,AMBUJACEM
1326,2017-01-01,APOLLOHOSP
1327,2017-01-01,APOLLOTYRE
1328,2017-01-01,ASHOKLEY
1329,2017-01-01,ASIANPAINT
1330,2017-01-01,AUROPHARMA
1331,2017-01-01,AXISBANK
1332,2017-01-01,BPCL
1333,2017-01-01,BAJAJ_AUTO
1334,2017-01-01,BAJFINANCE
1335,2017-01-01,BANKBARODA
1336,2017-01-01,BATAINDIA
1337,2017-01-01,BEL
1338,2017-01-01,BHARATFORG
1339,2017-01-01,BHARTIARTL
1340,2017-01-01,BHEL
1341,2017-01-01,BIOCON
1342,2017-01-01,HDFCBANK
1343,2017-01-01,HEROMOTOCO
1344,2017-01-01,HINDALCO
1345,2017-01-01,MOTHERSON
1346,2017-01-01,MRF
1347,2017-01-01,MARUTI
1348,2017-01-01,COFORGE
1349,2017-01-01,NTPC
1350,2017-01-01,ONGC
1351,2017-01-01,PAGEIND
1352,2017-01-01,PETRONET
1353,2017-01-01,PFC
1354,2017-01-01,PIDILITIND
1355,2017-01-01,PNB
1356,2017-01-01,POWERGRID
1357,2017-01-01,NMDC
1358,2017-01-01,MARICO
1359,2017-01-01,M_MFIN
1360,2017-01-01,HINDPETRO
1361,2017-01-01,HINDUNILVR
1362,2017-01-01,ICICIBANK
1363,2017-01-01,IDEA
1364,2017-01-01,IDFCFIRSTB
1365,2017-01-01,IGL
1366,2017-01-01,INDUSINDBK
1367,2017-01-01,INFY
1368,2017-01-01,IOC
1369,2017-01-01,ITC
1370,2017-01-01,JINDALSTEL
1371,2017-01-01,JSWSTEEL
1372,2017-01-01,JUBLFOOD
1373,2017-01-01,KOTAKBANK
1374,2017-01-01,LICHSGFIN
1375,2017-01-01,LT
1376,2017-01-01,LUPIN
1377,2017-01-01,M_M
1378,2017-07-01,SUZLON
1379,2017-07-01,SINTEX
1380,2017-07-01,RAYMOND
1381,2017-07-01,UNITDSPR
1382,2017-07-01,ABIRLANUVO
1383,2017-07-01,RDEL
1384,2017-07-01,IBREALEST
1385,2017-07-01,ICIL
1386,2017-07-01,JSWENERGY
1387,2017-07-01,FORTIS
1388,2017-07-01,HDIL
1389,2017-07-01,ANDHRABANK
1390,2017-07-01,BALRAMCHIN
1391,2017-07-01,HCC
1392,2017-07-01,DALMIABHA
1393,2017-07-01,GRANULES
1394,2017-07-01,CAPF
1395,2017-07-01,PTC
1396,2017-07-01,RCOM
1397,2017-07-01,SREINFRA
1398,2017-07-01,JPASSOCIAT
1399,2017-07-01,TV18BRDCST
1400,2017-07-01,INFIBEAM
1401,2017-07-01,GODFRYPHLP
1402,2017-07-01,GODREJIND
1403,2017-07-01,IFCI
1404,2017-07-01,IRB
1405,2017-07-01,VGUARD
1406,2017-07-01,GSFC
1407,2017-07-01,INDIACEM
1408,2017-07-01,DCBBANK
1409,2017-07-01,WOCKPHARMA
1410,2017-07-01,INDIANB
1411,2017-07-01,IDFC
1412,2017-07-01,KSCL
1413,2017-07-01,JISLJALEQS
1414,2017-07-01,NHPC
1415,2017-07-01,BEML
1416,2017-07-01,ORIENTBANK
1417,2017-07-01,JETAIRWAYS
1418,2017-07-01,SOUTHBANK
1419,2017-07-01,MRPL
1420,2017-07-01,PCJEWELLER
1421,2017-07-01,REPCOHOME
1422,2017-07-01,SYNDIBANK
1423,2017-07-01,CANFINHOME
1424,2017-07-01,CEATLTD
1425,2017-07-01,KTKBANK
1426,2017-07-01,CGPOWER
1427,2017-07-01,CHENNPETRO
1428,2017-07-01,ALBK
1429,2017-07-01,AJANTPHARM
1430,2017-07-01,TATACOMM
1431,2017-07-01,RPOWER
1432,2017-07-01,BHARATFIN
1433,2017-07-01,HINDZINC
1434,2017-07-01,RELINFRA
1435,2017-07-01,RELCAPITAL
1436,2017-07-01,ARVIND
1437,2017-07-01,OFSS
1438,2017-07-01,IDBI
1439,2017-07-01,MCX
1440,2017-07-01,ENGINERSIN
1441,2017-07-01,DHFL
1442,2017-07-01,BSOFT
1443,2017-07-01,KAJARIACER
1444,2017-07-01,STAR
1445,2017-07-01,BANKINDIA
1446,2017-07-01,TATAELXSI
1447,2017-07-01,UNIONBANK
1448,2017-07-01,HEXAWARE
1449,2017-07-01,DISHTV
1450,2017-07-01,TATAMTRDVR
1451,2017-07-01,CASTROLIND
1452,2017-07-01,NBCC
1453,2017-07-01,TATACONSUM
1454,2017-07-01,OIL
1455,2017-07-01,CESC
1456,2017-07-01,YESBANK
1457,2017-07-01,ADANIPOWER
1458,2017-07-01,JUSTDIAL
1459,2017-07-01,NCC
1460,2017-07-01,CENTURYTEX
1461,2017-07-01,EQUITAS
1462,2017-07-01,UJJIVAN
1463,2017-07-01,INDUSTOWER
1464,2017-07-01,CADILAHC
1465,2017-07-01,MINDTREE
1466,2017-07-01,SRTRANSFIN
1467,2017-07-01,AMARAJABAT
1468,2017-07-01,TORNTPOWER
1469,2017-07-01,HDFC
1470,2017-07-01,IBULHSGFIN
1471,2017-07-01,L_TFH
1472,2017-07-01,ZEEL
1473,2017-07-01,TCS
1474,2017-07-01,UPL
1475,2017-07-01,SIEMENS
1476,2017-07-01,SHREECEM
1477,2017-07-01,SBIN
1478,2017-07-01,SAIL
1479,2017-07-01,VOLTAS
1480,2017-07-01,VEDL
1481,2017-07-01,RECLTD
1482,2017-07-01,SRF
1483,2017-07-01,RELIANCE
1484,2017-07-01,TATAMOTORS
1485,2017-07-01,TORNTPHARM
1486,2017-07-01,TITAN
1487,2017-07-01,TATAPOWER
1488,2017-07-01,TATASTEEL
1489,2017-07-01,TECHM
1490,2017-07-01,UBL
1491,2017-07-01,ULTRACEMCO
1492,2017-07-01,SUNPHARMA
1493,2017-07-01,SUNTV
1494,2017-07-01,TVSMOTOR
1495,2017-07-01,TATACHEM
1496,2017-07-01,WIPRO
1497,2017-07-01,MANAPPURAM
1498,2017-07-01,RAMCOCEM
1499,2017-07-01,CHOLAFIN
1500,2017-07-01,CIPLA
1501,2017-07-01,COALINDIA
1502,2017-07-01,COLPAL
1503,2017-07-01,CONCOR
1504,2017-07-01,CUMMINSIND
1505,2017-07-01,DABUR
1506,2017-07-01,DIVISLAB
1507,2017-07-01,DLF
1508,2017-07-01,CANBK
1509,2017-07-01,DRREDDY
1510,2017-07-01,ESCORTS
1511,2017-07-01,EXIDEIND
1512,2017-07-01,FEDERALBNK
1513,2017-07-01,GAIL
1514,2017-07-01,GLENMARK
1515,2017-07-01,GMRINFRA
1516,2017-07-01,GODREJCP
1517,2017-07-01,GRASIM
1518,2017-07-01,HAVELLS
1519,2017-07-01,EICHERMOT
1520,2017-07-01,HCLTECH
1521,2017-07-01,BRITANNIA
1522,2017-07-01,BOSCHLTD
1523,2017-07-01,ACC
1524,2017-07-01,ADANIENT
1525,2017-07-01,ADANIPORTS
1526,2017-07-01,AMBUJACEM
1527,2017-07-01,APOLLOHOSP
1528,2017-07-01,APOLLOTYRE
1529,2017-07-01,ASHOKLEY
1530,2017-07-01,ASIANPAINT
1531,2017-07-01,AUROPHARMA
1532,2017-07-01,AXISBANK
1533,2017-07-01,BPCL
1534,2017-07-01,BAJAJ_AUTO
1535,2017-07-01,BAJFINANCE
1536,2017-07-01,BALKRISIND
1537,2017-07-01,BANKBARODA
1538,2017-07-01,BATAINDIA
1539,2017-07-01,BEL
1540,2017-07-01,BERGEPAINT
1541,2017-07-01,BHARATFORG
1542,2017-07-01,BHARTIARTL
1543,2017-07-01,BHEL
1544,2017-07-01,BIOCON
1545,2017-07-01,BAJAJFINSV
1546,2017-07-01,HDFCBANK
1547,2017-07-01,HEROMOTOCO
1548,2017-07-01,HINDALCO
1549,2017-07-01,MFSL
1550,2017-07-01,MGL
1551,2017-07-01,MOTHERSON
1552,2017-07-01,MRF
1553,2017-07-01,MUTHOOTFIN
1554,2017-07-01,NATIONALUM
1555,2017-07-01,NESTLEIND
1556,2017-07-01,MARUTI
1557,2017-07-01,COFORGE
1558,2017-07-01,NTPC
1559,2017-07-01,ONGC
1560,2017-07-01,PAGEIND
1561,2017-07-01,PEL
1562,2017-07-01,PETRONET
1563,2017-07-01,PFC
1564,2017-07-01,PIDILITIND
1565,2017-07-01,PNB
1566,2017-07-01,POWERGRID
1567,2017-07-01,PVRINOX
1568,2017-07-01,NMDC
1569,2017-07-01,MARICO
1570,2017-07-01,M_MFIN
1571,2017-07-01,HINDPETRO
1572,2017-07-01,HINDUNILVR
1573,2017-07-01,ICICIBANK
1574,2017-07-01,ICICIPRULI
1575,2017-07-01,IDEA
1576,2017-07-01,IDFCFIRSTB
1577,2017-07-01,IGL
1578,2017-07-01,INDIGO
1579,2017-07-01,INDUSINDBK
1580,2017-07-01,INFY
1581,2017-07-01,IOC
1582,2017-07-01,ITC
1583,2017-07-01,JINDALSTEL
1584,2017-07-01,JSWSTEEL
1585,2017-07-01,JUBLFOOD
1586,2017-07-01,KOTAKBANK
1587,2017-07-01,LICHSGFIN
1588,2017-07-01,LT
1589,2017-07-01,LUPIN
1590,2017-07-01,M_M
1591,2017-07-01,RBLBANK
1592,2018-01-01,SUZLON
1593,2018-01-01,RAYMOND
1594,2018-01-01,UNITDSPR
1595,2018-01-01,ICIL
1596,2018-01-01,JSWENERGY
1597,2018-01-01,FORTIS
1598,2018-01-01,HDIL
1599,2018-01-01,RNAVAL
1600,2018-01-01,ANDHRABANK
1601,2018-01-01,BALRAMCHIN
1602,2018-01-01,HCC
1603,2018-01-01,DALMIABHA
1604,2018-01-01,GRANULES
1605,2018-01-01,CAPF
1606,2018-01-01,PTC
1607,2018-01-01,RCOM
1608,2018-01-01,SREINFRA
1609,2018-01-01,JPASSOCIAT
1610,2018-01-01,TV18BRDCST
1611,2018-01-01,INFIBEAM
1612,2018-01-01,GODFRYPHLP
1613,2018-01-01,GODREJIND
1614,2018-01-01,IFCI
1615,2018-01-01,IRB
1616,2018-01-01,VGUARD
1617,2018-01-01,GSFC
1618,2018-01-01,INDIACEM
1619,2018-01-01,DCBBANK
1620,2018-01-01,WOCKPHARMA
1621,2018-01-01,INDIANB
1622,2018-01-01,IDFC
1623,2018-01-01,KSCL
1624,2018-01-01,JISLJALEQS
1625,2018-01-01,NHPC
1626,2018-01-01,BEML
1627,2018-01-01,ORIENTBANK
1628,2018-01-01,JETAIRWAYS
1629,2018-01-01,SOUTHBANK
1630,2018-01-01,MRPL
1631,2018-01-01,PCJEWELLER
1632,2018-01-01,REPCOHOME
1633,2018-01-01,SYNDIBANK
1634,2018-01-01,CANFINHOME
1635,2018-01-01,CEATLTD
1636,2018-01-01,KTKBANK
1637,2018-01-01,CGPOWER
1638,2018-01-01,CHENNPETRO
1639,2018-01-01,ALBK
1640,2018-01-01,AJANTPHARM
1641,2018-01-01,TATACOMM
1642,2018-01-01,RPOWER
1643,2018-01-01,BHARATFIN
1644,2018-01-01,HINDZINC
1645,2018-01-01,RELINFRA
1646,2018-01-01,RELCAPITAL
1647,2018-01-01,ARVIND
1648,2018-01-01,OFSS
1649,2018-01-01,IDBI
1650,2018-01-01,MCX
1651,2018-01-01,ENGINERSIN
1652,2018-01-01,DHFL
1653,2018-01-01,BSOFT
1654,2018-01-01,KAJARIACER
1655,2018-01-01,STAR
1656,2018-01-01,BANKINDIA
1657,2018-01-01,TATAELXSI
1658,2018-01-01,UNIONBANK
1659,2018-01-01,HEXAWARE
1660,2018-01-01,DISHTV
1661,2018-01-01,TATAMTRDVR
1662,2018-01-01,CASTROLIND
1663,2018-01-01,NBCC
1664,2018-01-01,TATACONSUM
1665,2018-01-01,OIL
1666,2018-01-01,CESC
1667,2018-01-01,YESBANK
1668,2018-01-01,ADANIPOWER
1669,2018-01-01,JUSTDIAL
1670,2018-01-01,NCC
1671,2018-01-01,CENTURYTEX
1672,2018-01-01,EQUITAS
1673,2018-01-01,UJJIVAN
1674,2018-01-01,INDUSTOWER
1675,2018-01-01,CADILAHC
1676,2018-01-01,MINDTREE
1677,2018-01-01,SRTRANSFIN
1678,2018-01-01,AMARAJABAT
1679,2018-01-01,TORNTPOWER
1680,2018-01-01,HDFC
1681,2018-01-01,IBULHSGFIN
1682,2018-01-01,L_TFH
1683,2018-01-01,ZEEL
1684,2018-01-01,TCS
1685,2018-01-01,UPL
1686,2018-01-01,SIEMENS
1687,2018-01-01,SHREECEM
1688,2018-01-01,SBIN
1689,2018-01-01,SAIL
1690,2018-01-01,VOLTAS
1691,2018-01-01,VEDL
1692,2018-01-01,RECLTD
1693,2018-01-01,SRF
1694,2018-01-01,RELIANCE
1695,2018-01-01,TATAMOTORS
1696,2018-01-01,TORNTPHARM
1697,2018-01-01,TITAN
1698,2018-01-01,TATAPOWER
1699,2018-01-01,TATASTEEL
1700,2018-01-01,TECHM
1701,2018-01-01,UBL
1702,2018-01-01,ULTRACEMCO
1703,2018-01-01,SUNPHARMA
1704,2018-01-01,SUNTV
1705,2018-01-01,TVSMOTOR
1706,2018-01-01,TATACHEM
1707,2018-01-01,WIPRO
1708,2018-01-01,MANAPPURAM
1709,2018-01-01,RAMCOCEM
1710,2018-01-01,CHOLAFIN
1711,2018-01-01,CIPLA
1712,2018-01-01,COALINDIA
1713,2018-01-01,COLPAL
1714,2018-01-01,CONCOR
1715,2018-01-01,CUMMINSIND
1716,2018-01-01,DABUR
1717,2018-01-01,DIVISLAB
1718,2018-01-01,DLF
1719,2018-01-01,CANBK
1720,2018-01-01,DRREDDY
1721,2018-01-01,ESCORTS
1722,2018-01-01,EXIDEIND
1723,2018-01-01,FEDERALBNK
1724,2018-01-01,GAIL
1725,2018-01-01,GLENMARK
1726,2018-01-01,GMRINFRA
1727,2018-01-01,GODREJCP
1728,2018-01-01,GRASIM
1729,2018-01-01,HAVELLS
1730,2018-01-01,EICHERMOT
1731,2018-01-01,HCLTECH
1732,2018-01-01,BRITANNIA
1733,2018-01-01,BOSCHLTD
1734,2018-01-01,ACC
1735,2018-01-01,ADANIENT
1736,2018-01-01,ADANIPORTS
1737,2018-01-01,AMBUJACEM
1738,2018-01-01,APOLLOHOSP
1739,2018-01-01,APOLLOTYRE
1740,2018-01-01,ASHOKLEY
1741,2018-01-01,ASIANPAINT
1742,2018-01-01,AUROPHARMA
1743,2018-01-01,AXISBANK
1744,2018-01-01,BPCL
1745,2018-01-01,BAJAJ_AUTO
1746,2018-01-01,BAJFINANCE
1747,2018-01-01,BALKRISIND
1748,2018-01-01,BANKBARODA
1749,2018-01-01,BATAINDIA
1750,2018-01-01,BEL
1751,2018-01-01,BERGEPAINT
1752,2018-01-01,BHARATFORG
1753,2018-01-01,BHARTIARTL
1754,2018-01-01,BHEL
1755,2018-01-01,BIOCON
1756,2018-01-01,BAJAJFINSV
1757,2018-01-01,HDFCBANK
1758,2018-01-01,HEROMOTOCO
1759,2018-01-01,HINDALCO
1760,2018-01-01,MFSL
1761,2018-01-01,MGL
1762,2018-01-01,MOTHERSON
1763,2018-01-01,MRF
1764,2018-01-01,MUTHOOTFIN
1765,2018-01-01,NATIONALUM
1766,2018-01-01,NESTLEIND
1767,2018-01-01,MARUTI
1768,2018-01-01,COFORGE
1769,2018-01-01,NTPC
1770,2018-01-01,ONGC
1771,2018-01-01,PAGEIND
1772,2018-01-01,PEL
1773,2018-01-01,PETRONET
1774,2018-01-01,PFC
1775,2018-01-01,PIDILITIND
1776,2018-01-01,PNB
1777,2018-01-01,POWERGRID
1778,2018-01-01,PVRINOX
1779,2018-01-01,NMDC
1780,2018-01-01,MARICO
1781,2018-01-01,M_MFIN
1782,2018-01-01,HINDPETRO
1783,2018-01-01,HINDUNILVR
1784,2018-01-01,ICICIBANK
1785,2018-01-01,ICICIPRULI
1786,2018-01-01,IDEA
1787,2018-01-01,IDFCFIRSTB
1788,2018-01-01,IGL
1789,2018-01-01,INDIGO
1790,2018-01-01,INDUSINDBK
1791,2018-01-01,INFY
1792,2018-01-01,IOC
1793,2018-01-01,ITC
1794,2018-01-01,JINDALSTEL
1795,2018-01-01,JSWSTEEL
1796,2018-01-01,JUBLFOOD
1797,2018-01-01,KOTAKBANK
1798,2018-01-01,LICHSGFIN
1799,2018-01-01,LT
1800,2018-01-01,LUPIN
1801,2018-01-01,M_M
1802,2018-01-01,RBLBANK
1803,2018-07-01,SUZLON
1804,2018-07-01,RAYMOND
1805,2018-07-01,UNITDSPR
1806,2018-07-01,ANDHRABANK
1807,2018-07-01,BALRAMCHIN
1808,2018-07-01,HCC
1809,2018-07-01,DALMIABHA
1810,2018-07-01,GRANULES
1811,2018-07-01,CAPF
1812,2018-07-01,PTC
1813,2018-07-01,RCOM
1814,2018-07-01,SREINFRA
1815,2018-07-01,JPASSOCIAT
1816,2018-07-01,TV18BRDCST
1817,2018-07-01,INFIBEAM
1818,2018-07-01,GODFRYPHLP
1819,2018-07-01,GODREJIND
1820,2018-07-01,IFCI
1821,2018-07-01,IRB
1822,2018-07-01,VGUARD
1823,2018-07-01,GSFC
1824,2018-07-01,INDIACEM
1825,2018-07-01,DCBBANK
1826,2018-07-01,WOCKPHARMA
1827,2018-07-01,INDIANB
1828,2018-07-01,IDFC
1829,2018-07-01,KSCL
1830,2018-07-01,JISLJALEQS
1831,2018-07-01,NHPC
1832,2018-07-01,BEML
1833,2018-07-01,ORIENTBANK
1834,2018-07-01,JETAIRWAYS
1835,2018-07-01,SOUTHBANK
1836,2018-07-01,MRPL
1837,2018-07-01,PCJEWELLER
1838,2018-07-01,REPCOHOME
1839,2018-07-01,SYNDIBANK
1840,2018-07-01,CANFINHOME
1841,2018-07-01,CEATLTD
1842,2018-07-01,KTKBANK
1843,2018-07-01,CGPOWER
1844,2018-07-01,CHENNPETRO
1845,2018-07-01,ALBK
1846,2018-07-01,AJANTPHARM
1847,2018-07-01,TATACOMM
1848,2018-07-01,RPOWER
1849,2018-07-01,BHARATFIN
1850,2018-07-01,HINDZINC
1851,2018-07-01,RELINFRA
1852,2018-07-01,RELCAPITAL
1853,2018-07-01,ARVIND
1854,2018-07-01,OFSS
1855,2018-07-01,IDBI
1856,2018-07-01,MCX
1857,2018-07-01,ENGINERSIN
1858,2018-07-01,DHFL
1859,2018-07-01,BSOFT
1860,2018-07-01,KAJARIACER
1861,2018-07-01,STAR
1862,2018-07-01,BANKINDIA
1863,2018-07-01,TATAELXSI
1864,2018-07-01,UNIONBANK
1865,2018-07-01,HEXAWARE
1866,2018-07-01,DISHTV
1867,2018-07-01,TATAMTRDVR
1868,2018-07-01,CASTROLIND
1869,2018-07-01,NBCC
1870,2018-07-01,TATACONSUM
1871,2018-07-01,OIL
1872,2018-07-01,CESC
1873,2018-07-01,YESBANK
1874,2018-07-01,ADANIPOWER
1875,2018-07-01,JUSTDIAL
1876,2018-07-01,NCC
1877,2018-07-01,CENTURYTEX
1878,2018-07-01,EQUITAS
1879,2018-07-01,UJJIVAN
1880,2018-07-01,INDUSTOWER
1881,2018-07-01,CADILAHC
1882,2018-07-01,MINDTREE
1883,2018-07-01,SRTRANSFIN
1884,2018-07-01,AMARAJABAT
1885,2018-07-01,TORNTPOWER
1886,2018-07-01,HDFC
1887,2018-07-01,IBULHSGFIN
1888,2018-07-01,L_TFH
1889,2018-07-01,ZEEL
1890,2018-07-01,TCS
1891,2018-07-01,UPL
1892,2018-07-01,SIEMENS
1893,2018-07-01,SHREECEM
1894,2018-07-01,SBIN
1895,2018-07-01,SAIL
1896,2018-07-01,VOLTAS
1897,2018-07-01,VEDL
1898,2018-07-01,RECLTD
1899,2018-07-01,SRF
1900,2018-07-01,RELIANCE
1901,2018-07-01,TATAMOTORS
1902,2018-07-01,TORNTPHARM
1903,2018-07-01,TITAN
1904,2018-07-01,TATAPOWER
1905,2018-07-01,TATASTEEL
1906,2018-07-01,TECHM
1907,2018-07-01,UBL
1908,2018-07-01,ULTRACEMCO
1909,2018-07-01,SUNPHARMA
1910,2018-07-01,SUNTV
1911,2018-07-01,TVSMOTOR
1912,2018-07-01,TATACHEM
1913,2018-07-01,WIPRO
1914,2018-07-01,MANAPPURAM
1915,2018-07-01,RAMCOCEM
1916,2018-07-01,CHOLAFIN
1917,2018-07-01,CIPLA
1918,2018-07-01,COALINDIA
1919,2018-07-01,COLPAL
1920,2018-07-01,CONCOR
1921,2018-07-01,CUMMINSIND
1922,2018-07-01,DABUR
1923,2018-07-01,DIVISLAB
1924,2018-07-01,DLF
1925,2018-07-01,CANBK
1926,2018-07-01,DRREDDY
1927,2018-07-01,ESCORTS
1928,2018-07-01,EXIDEIND
1929,2018-07-01,FEDERALBNK
1930,2018-07-01,GAIL
1931,2018-07-01,GLENMARK
1932,2018-07-01,GMRINFRA
1933,2018-07-01,GODREJCP
1934,2018-07-01,GRASIM
1935,2018-07-01,HAVELLS
1936,2018-07-01,EICHERMOT
1937,2018-07-01,HCLTECH
1938,2018-07-01,BRITANNIA
1939,2018-07-01,BOSCHLTD
1940,2018-07-01,ACC
1941,2018-07-01,ADANIENT
1942,2018-07-01,ADANIPORTS
1943,2018-07-01,AMBUJACEM
1944,2018-07-01,APOLLOHOSP
1945,2018-07-01,APOLLOTYRE
1946,2018-07-01,ASHOKLEY
1947,2018-07-01,ASIANPAINT
1948,2018-07-01,AUROPHARMA
1949,2018-07-01,AXISBANK
1950,2018-07-01,BPCL
1951,2018-07-01,BAJAJ_AUTO
1952,2018-07-01,BAJFINANCE
1953,2018-07-01,BALKRISIND
1954,2018-07-01,BANKBARODA
1955,2018-07-01,BATAINDIA
1956,2018-07-01,BEL
1957,2018-07-01,BERGEPAINT
1958,2018-07-01,BHARATFORG
1959,2018-07-01,BHARTIARTL
1960,2018-07-01,BHEL
1961,2018-07-01,BIOCON
1962,2018-07-01,BAJAJFINSV
1963,2018-07-01,HDFCBANK
1964,2018-07-01,HEROMOTOCO
1965,2018-07-01,HINDALCO
1966,2018-07-01,MFSL
1967,2018-07-01,MGL
1968,2018-07-01,MOTHERSON
1969,2018-07-01,MRF
1970,2018-07-01,MUTHOOTFIN
1971,2018-07-01,NATIONALUM
1972,2018-07-01,NESTLEIND
1973,2018-07-01,MARUTI
1974,2018-07-01,COFORGE
1975,2018-07-01,NTPC
1976,2018-07-01,ONGC
1977,2018-07-01,PAGEIND
1978,2018-07-01,PEL
1979,2018-07-01,PETRONET
1980,2018-07-01,PFC
1981,2018-07-01,PIDILITIND
1982,2018-07-01,PNB
1983,2018-07-01,POWERGRID
1984,2018-07-01,PVRINOX
1985,2018-07-01,NMDC
1986,2018-07-01,MARICO
1987,2018-07-01,M_MFIN
1988,2018-07-01,HINDPETRO
1989,2018-07-01,HINDUNILVR
1990,2018-07-01,ICICIBANK
1991,2018-07-01,ICICIPRULI
1992,2018-07-01,IDEA
1993,2018-07-01,IDFCFIRSTB
1994,2018-07-01,IGL
1995,2018-07-01,INDIGO
1996,2018-07-01,INDUSINDBK
1997,2018-07-01,INFY
1998,2018-07-01,IOC
1999,2018-07-01,ITC
2000,2018-07-01,JINDALSTEL
2001,2018-07-01,JSWSTEEL
2002,2018-07-01,JUBLFOOD
2003,2018-07-01,KOTAKBANK
2004,2018-07-01,LICHSGFIN
2005,2018-07-01,LT
2006,2018-07-01,LUPIN
2007,2018-07-01,M_M
2008,2018-07-01,RBLBANK
2009,2019-01-01,SUZLON
2010,2019-01-01,RAYMOND
2011,2019-01-01,UNITDSPR
2012,2019-01-01,PTC
2013,2019-01-01,RCOM
2014,2019-01-01,SREINFRA
2015,2019-01-01,JPASSOCIAT
2016,2019-01-01,TV18BRDCST
2017,2019-01-01,INFIBEAM
2018,2019-01-01,GODFRYPHLP
2019,2019-01-01,GODREJIND
2020,2019-01-01,IFCI
2021,2019-01-01,IRB
2022,2019-01-01,VGUARD
2023,2019-01-01,GSFC
2024,2019-01-01,INDIACEM
2025,2019-01-01,DCBBANK
2026,2019-01-01,WOCKPHARMA
2027,2019-01-01,INDIANB
2028,2019-01-01,IDFC
2029,2019-01-01,KSCL
2030,2019-01-01,JISLJALEQS
2031,2019-01-01,NHPC
2032,2019-01-01,BEML
2033,2019-01-01,ORIENTBANK
2034,2019-01-01,JETAIRWAYS
2035,2019-01-01,SOUTHBANK
2036,2019-01-01,MRPL
2037,2019-01-01,PCJEWELLER
2038,2019-01-01,REPCOHOME
2039,2019-01-01,SYNDIBANK
2040,2019-01-01,CANFINHOME
2041,2019-01-01,CEATLTD
2042,2019-01-01,KTKBANK
2043,2019-01-01,CGPOWER
2044,2019-01-01,CHENNPETRO
2045,2019-01-01,ALBK
2046,2019-01-01,AJANTPHARM
2047,2019-01-01,TATACOMM
2048,2019-01-01,RPOWER
2049,2019-01-01,BHARATFIN
2050,2019-01-01,HINDZINC
2051,2019-01-01,RELINFRA
2052,2019-01-01,RELCAPITAL
2053,2019-01-01,ARVIND
2054,2019-01-01,OFSS
2055,2019-01-01,IDBI
2056,2019-01-01,MCX
2057,2019-01-01,ENGINERSIN
2058,2019-01-01,DHFL
2059,2019-01-01,BSOFT
2060,2019-01-01,KAJARIACER
2061,2019-01-01,STAR
2062,2019-01-01,BANKINDIA
2063,2019-01-01,TATAELXSI
2064,2019-01-01,UNIONBANK
2065,2019-01-01,HEXAWARE
2066,2019-01-01,DISHTV
2067,2019-01-01,TATAMTRDVR
2068,2019-01-01,CASTROLIND
2069,2019-01-01,NBCC
2070,2019-01-01,TATACONSUM
2071,2019-01-01,OIL
2072,2019-01-01,CESC
2073,2019-01-01,YESBANK
2074,2019-01-01,ADANIPOWER
2075,2019-01-01,JUSTDIAL
2076,2019-01-01,NCC
2077,2019-01-01,CENTURYTEX
2078,2019-01-01,EQUITAS
2079,2019-01-01,UJJIVAN
2080,2019-01-01,INDUSTOWER
2081,2019-01-01,CADILAHC
2082,2019-01-01,MINDTREE
2083,2019-01-01,SRTRANSFIN
2084,2019-01-01,AMARAJABAT
2085,2019-01-01,TORNTPOWER
2086,2019-01-01,HDFC
2087,2019-01-01,IBULHSGFIN
2088,2019-01-01,L_TFH
2089,2019-01-01,ZEEL
2090,2019-01-01,TCS
2091,2019-01-01,UPL
2092,2019-01-01,SIEMENS
2093,2019-01-01,SHREECEM
2094,2019-01-01,SBIN
2095,2019-01-01,SAIL
2096,2019-01-01,VOLTAS
2097,2019-01-01,VEDL
2098,2019-01-01,RECLTD
2099,2019-01-01,SRF
2100,2019-01-01,RELIANCE
2101,2019-01-01,TATAMOTORS
2102,2019-01-01,TORNTPHARM
2103,2019-01-01,TITAN
2104,2019-01-01,TATAPOWER
2105,2019-01-01,TATASTEEL
2106,2019-01-01,TECHM
2107,2019-01-01,UBL
2108,2019-01-01,ULTRACEMCO
2109,2019-01-01,SUNPHARMA
2110,2019-01-01,SUNTV
2111,2019-01-01,TVSMOTOR
2112,2019-01-01,TATACHEM
2113,2019-01-01,WIPRO
2114,2019-01-01,MANAPPURAM
2115,2019-01-01,RAMCOCEM
2116,2019-01-01,CHOLAFIN
2117,2019-01-01,CIPLA
2118,2019-01-01,COALINDIA
2119,2019-01-01,COLPAL
2120,2019-01-01,CONCOR
2121,2019-01-01,CUMMINSIND
2122,2019-01-01,DABUR
2123,2019-01-01,DIVISLAB
2124,2019-01-01,DLF
2125,2019-01-01,CANBK
2126,2019-01-01,DRREDDY
2127,2019-01-01,ESCORTS
2128,2019-01-01,EXIDEIND
2129,2019-01-01,FEDERALBNK
2130,2019-01-01,GAIL
2131,2019-01-01,GLENMARK
2132,2019-01-01,GMRINFRA
2133,2019-01-01,GODREJCP
2134,2019-01-01,GRASIM
2135,2019-01-01,HAVELLS
2136,2019-01-01,EICHERMOT
2137,2019-01-01,HCLTECH
2138,2019-01-01,BRITANNIA
2139,2019-01-01,BOSCHLTD
2140,2019-01-01,ACC
2141,2019-01-01,ADANIENT
2142,2019-01-01,ADANIPORTS
2143,2019-01-01,AMBUJACEM
2144,2019-01-01,APOLLOHOSP
2145,2019-01-01,APOLLOTYRE
2146,2019-01-01,ASHOKLEY
2147,2019-01-01,ASIANPAINT
2148,2019-01-01,AUROPHARMA
2149,2019-01-01,AXISBANK
2150,2019-01-01,BPCL
2151,2019-01-01,BAJAJ_AUTO
2152,2019-01-01,BAJFINANCE
2153,2019-01-01,BALKRISIND
2154,2019-01-01,BANKBARODA
2155,2019-01-01,BATAINDIA
2156,2019-01-01,BEL
2157,2019-01-01,BERGEPAINT
2158,2019-01-01,BHARATFORG
2159,2019-01-01,BHARTIARTL
2160,2019-01-01,BHEL
2161,2019-01-01,BIOCON
2162,2019-01-01,BAJAJFINSV
2163,2019-01-01,HDFCBANK
2164,2019-01-01,HEROMOTOCO
2165,2019-01-01,HINDALCO
2166,2019-01-01,MFSL
2167,2019-01-01,MGL
2168,2019-01-01,MOTHERSON
2169,2019-01-01,MRF
2170,2019-01-01,MUTHOOTFIN
2171,2019-01-01,NATIONALUM
2172,2019-01-01,NESTLEIND
2173,2019-01-01,MARUTI
2174,2019-01-01,COFORGE
2175,2019-01-01,NTPC
2176,2019-01-01,ONGC
2177,2019-01-01,PAGEIND
2178,2019-01-01,PEL
2179,2019-01-01,PETRONET
2180,2019-01-01,PFC
2181,2019-01-01,PIDILITIND
2182,2019-01-01,PNB
2183,2019-01-01,POWERGRID
2184,2019-01-01,PVRINOX
2185,2019-01-01,NMDC
2186,2019-01-01,MARICO
2187,2019-01-01,M_MFIN
2188,2019-01-01,HINDPETRO
2189,2019-01-01,HINDUNILVR
2190,2019-01-01,ICICIBANK
2191,2019-01-01,ICICIPRULI
2192,2019-01-01,IDEA
2193,2019-01-01,IDFCFIRSTB
2194,2019-01-01,IGL
2195,2019-01-01,INDIGO
2196,2019-01-01,INDUSINDBK
2197,2019-01-01,INFY
2198,2019-01-01,IOC
2199,2019-01-01,ITC
2200,2019-01-01,JINDALSTEL
2201,2019-01-01,JSWSTEEL
2202,2019-01-01,JUBLFOOD
2203,2019-01-01,KOTAKBANK
2204,2019-01-01,LICHSGFIN
2205,2019-01-01,LT
2206,2019-01-01,LUPIN
2207,2019-01-01,M_M
2208,2019-01-01,RBLBANK
2209,2019-07-01,RAYMOND
2210,2019-07-01,UNITDSPR
2211,2019-07-01,BHARATFIN
2212,2019-07-01,HINDZINC
2213,2019-07-01,RELINFRA
2214,2019-07-01,RELCAPITAL
2215,2019-07-01,ARVIND
2216,2019-07-01,OFSS
2217,2019-07-01,IDBI
2218,2019-07-01,MCX
2219,2019-07-01,ENGINERSIN
2220,2019-07-01,DHFL
2221,2019-07-01,BSOFT
2222,2019-07-01,KAJARIACER
2223,2019-07-01,STAR
2224,2019-07-01,BANKINDIA
2225,2019-07-01,TATAELXSI
2226,2019-07-01,UNIONBANK
2227,2019-07-01,HEXAWARE
2228,2019-07-01,DISHTV
2229,2019-07-01,TATAMTRDVR
2230,2019-07-01,CASTROLIND
2231,2019-07-01,NBCC
2232,2019-07-01,TATACONSUM
2233,2019-07-01,OIL
2234,2019-07-01,CESC
2235,2019-07-01,YESBANK
2236,2019-07-01,ADANIPOWER
2237,2019-07-01,JUSTDIAL
2238,2019-07-01,NCC
2239,2019-07-01,CENTURYTEX
2240,2019-07-01,EQUITAS
2241,2019-07-01,UJJIVAN
2242,2019-07-01,INDUSTOWER
2243,2019-07-01,CADILAHC
2244,2019-07-01,MINDTREE
2245,2019-07-01,SRTRANSFIN
2246,2019-07-01,AMARAJABAT
2247,2019-07-01,TORNTPOWER
2248,2019-07-01,HDFC
2249,2019-07-01,IBULHSGFIN
2250,2019-07-01,L_TFH
2251,2019-07-01,ZEEL
2252,2019-07-01,TCS
2253,2019-07-01,UPL
2254,2019-07-01,SIEMENS
2255,2019-07-01,SHREECEM
2256,2019-07-01,SBIN
2257,2019-07-01,SAIL
2258,2019-07-01,VOLTAS
2259,2019-07-01,VEDL
2260,2019-07-01,RECLTD
2261,2019-07-01,SRF
2262,2019-07-01,RELIANCE
2263,2019-07-01,TATAMOTORS
2264,2019-07-01,TORNTPHARM
2265,2019-07-01,TITAN
2266,2019-07-01,TATAPOWER
2267,2019-07-01,TATASTEEL
2268,2019-07-01,TECHM
2269,2019-07-01,UBL
2270,2019-07-01,ULTRACEMCO
2271,2019-07-01,SUNPHARMA
2272,2019-07-01,SUNTV
2273,2019-07-01,TVSMOTOR
2274,2019-07-01,TATACHEM
2275,2019-07-01,WIPRO
2276,2019-07-01,MANAPPURAM
2277,2019-07-01,RAMCOCEM
2278,2019-07-01,CHOLAFIN
2279,2019-07-01,CIPLA
2280,2019-07-01,COALINDIA
2281,2019-07-01,COLPAL
2282,2019-07-01,CONCOR
2283,2019-07-01,CUMMINSIND
2284,2019-07-01,DABUR
2285,2019-07-01,DIVISLAB
2286,2019-07-01,DLF
2287,2019-07-01,CANBK
2288,2019-07-01,DRREDDY
2289,2019-07-01,ESCORTS
2290,2019-07-01,EXIDEIND
2291,2019-07-01,FEDERALBNK
2292,2019-07-01,GAIL
2293,2019-07-01,GLENMARK
2294,2019-07-01,GMRINFRA
2295,2019-07-01,GODREJCP
2296,2019-07-01,GRASIM
2297,2019-07-01,HAVELLS
2298,2019-07-01,EICHERMOT
2299,2019-07-01,HCLTECH
2300,2019-07-01,BRITANNIA
2301,2019-07-01,BOSCHLTD
2302,2019-07-01,ACC
2303,2019-07-01,ADANIENT
2304,2019-07-01,ADANIPORTS
2305,2019-07-01,AMBUJACEM
2306,2019-07-01,APOLLOHOSP
2307,2019-07-01,APOLLOTYRE
2308,2019-07-01,ASHOKLEY
2309,2019-07-01,ASIANPAINT
2310,2019-07-01,AUROPHARMA
2311,2019-07-01,AXISBANK
2312,2019-07-01,BPCL
2313,2019-07-01,BAJAJ_AUTO
2314,2019-07-01,BAJFINANCE
2315,2019-07-01,BALKRISIND
2316,2019-07-01,BANKBARODA
2317,2019-07-01,BATAINDIA
2318,2019-07-01,BEL
2319,2019-07-01,BERGEPAINT
2320,2019-07-01,BHARATFORG
2321,2019-07-01,BHARTIARTL
2322,2019-07-01,BHEL
2323,2019-07-01,BIOCON
2324,2019-07-01,BAJAJFINSV
2325,2019-07-01,HDFCBANK
2326,2019-07-01,HEROMOTOCO
2327,2019-07-01,HINDALCO
2328,2019-07-01,MFSL
2329,2019-07-01,MGL
2330,2019-07-01,MOTHERSON
2331,2019-07-01,MRF
2332,2019-07-01,MUTHOOTFIN
2333,2019-07-01,NATIONALUM
2334,2019-07-01,NESTLEIND
2335,2019-07-01,MARUTI
2336,2019-07-01,COFORGE
2337,2019-07-01,NTPC
2338,2019-07-01,ONGC
2339,2019-07-01,PAGEIND
2340,2019-07-01,PEL
2341,2019-07-01,PETRONET
2342,2019-07-01,PFC
2343,2019-07-01,PIDILITIND
2344,2019-07-01,PNB
2345,2019-07-01,POWERGRID
2346,2019-07-01,PVRINOX
2347,2019-07-01,NMDC
2348,2019-07-01,MARICO
2349,2019-07-01,M_MFIN
2350,2019-07-01,HINDPETRO
2351,2019-07-01,HINDUNILVR
2352,2019-07-01,ICICIBANK
2353,2019-07-01,ICICIPRULI
2354,2019-07-01,IDEA
2355,2019-07-01,IDFCFIRSTB
2356,2019-07-01,IGL
2357,2019-07-01,INDIGO
2358,2019-07-01,INDUSINDBK
2359,2019-07-01,INFY
2360,2019-07-01,IOC
2361,2019-07-01,ITC
2362,2019-07-01,JINDALSTEL
2363,2019-07-01,JSWSTEEL
2364,2019-07-01,JUBLFOOD
2365,2019-07-01,KOTAKBANK
2366,2019-07-01,LICHSGFIN
2367,2019-07-01,LT
2368,2019-07-01,LUPIN
2369,2019-07-01,M_M
2370,2019-07-01,RBLBANK
2371,2020-01-01,UNITDSPR
2372,2020-01-01,DISHTV
2373,2020-01-01,TATAMTRDVR
2374,2020-01-01,CASTROLIND
2375,2020-01-01,NBCC
2376,2020-01-01,TATACONSUM
2377,2020-01-01,OIL
2378,2020-01-01,CESC
2379,2020-01-01,YESBANK
2380,2020-01-01,ADANIPOWER
2381,2020-01-01,JUSTDIAL
2382,2020-01-01,NCC
2383,2020-01-01,CENTURYTEX
2384,2020-01-01,EQUITAS
2385,2020-01-01,UJJIVAN
2386,2020-01-01,INDUSTOWER
2387,2020-01-01,CADILAHC
2388,2020-01-01,MINDTREE
2389,2020-01-01,SRTRANSFIN
2390,2020-01-01,AMARAJABAT
2391,2020-01-01,TORNTPOWER
2392,2020-01-01,HDFC
2393,2020-01-01,IBULHSGFIN
2394,2020-01-01,L_TFH
2395,2020-01-01,ZEEL
2396,2020-01-01,TCS
2397,2020-01-01,UPL
2398,2020-01-01,SIEMENS
2399,2020-01-01,SHREECEM
2400,2020-01-01,SBIN
2401,2020-01-01,SAIL
2402,2020-01-01,VOLTAS
2403,2020-01-01,VEDL
2404,2020-01-01,RECLTD
2405,2020-01-01,SRF
2406,2020-01-01,RELIANCE
2407,2020-01-01,TATAMOTORS
2408,2020-01-01,TORNTPHARM
2409,2020-01-01,TITAN
2410,2020-01-01,TATAPOWER
2411,2020-01-01,TATASTEEL
2412,2020-01-01,TECHM
2413,2020-01-01,UBL
2414,2020-01-01,ULTRACEMCO
2415,2020-01-01,SUNPHARMA
2416,2020-01-01,SUNTV
2417,2020-01-01,TVSMOTOR
2418,2020-01-01,TATACHEM
2419,2020-01-01,WIPRO
2420,2020-01-01,MANAPPURAM
2421,2020-01-01,RAMCOCEM
2422,2020-01-01,CHOLAFIN
2423,2020-01-01,CIPLA
2424,2020-01-01,COALINDIA
2425,2020-01-01,COLPAL
2426,2020-01-01,CONCOR
2427,2020-01-01,CUMMINSIND
2428,2020-01-01,DABUR
2429,2020-01-01,DIVISLAB
2430,2020-01-01,DLF
2431,2020-01-01,CANBK
2432,2020-01-01,DRREDDY
2433,2020-01-01,ESCORTS
2434,2020-01-01,EXIDEIND
2435,2020-01-01,FEDERALBNK
2436,2020-01-01,GAIL
2437,2020-01-01,GLENMARK
2438,2020-01-01,GMRINFRA
2439,2020-01-01,GODREJCP
2440,2020-01-01,GRASIM
2441,2020-01-01,HAVELLS
2442,2020-01-01,EICHERMOT
2443,2020-01-01,HCLTECH
2444,2020-01-01,BRITANNIA
2445,2020-01-01,BOSCHLTD
2446,2020-01-01,ACC
2447,2020-01-01,ADANIENT
2448,2020-01-01,ADANIPORTS
2449,2020-01-01,AMBUJACEM
2450,2020-01-01,APOLLOHOSP
2451,2020-01-01,APOLLOTYRE
2452,2020-01-01,ASHOKLEY
2453,2020-01-01,ASIANPAINT
2454,2020-01-01,AUROPHARMA
2455,2020-01-01,AXISBANK
2456,2020-01-01,BPCL
2457,2020-01-01,BAJAJ_AUTO
2458,2020-01-01,BAJFINANCE
2459,2020-01-01,BALKRISIND
2460,2020-01-01,BANKBARODA
2461,2020-01-01,BATAINDIA
2462,2020-01-01,BEL
2463,2020-01-01,BERGEPAINT
2464,2020-01-01,BHARATFORG
2465,2020-01-01,BHARTIARTL
2466,2020-01-01,BHEL
2467,2020-01-01,BIOCON
2468,2020-01-01,BAJAJFINSV
2469,2020-01-01,HDFCBANK
2470,2020-01-01,HEROMOTOCO
2471,2020-01-01,HINDALCO
2472,2020-01-01,MFSL
2473,2020-01-01,MGL
2474,2020-01-01,MOTHERSON
2475,2020-01-01,MRF
2476,2020-01-01,MUTHOOTFIN
2477,2020-01-01,NATIONALUM
2478,2020-01-01,NESTLEIND
2479,2020-01-01,MARUTI
2480,2020-01-01,COFORGE
2481,2020-01-01,NTPC
2482,2020-01-01,ONGC
2483,2020-01-01,PAGEIND
2484,2020-01-01,PEL
2485,2020-01-01,PETRONET
2486,2020-01-01,PFC
2487,2020-01-01,PIDILITIND
2488,2020-01-01,PNB
2489,2020-01-01,POWERGRID
2490,2020-01-01,PVRINOX
2491,2020-01-01,NMDC
2492,2020-01-01,MARICO
2493,2020-01-01,M_MFIN
2494,2020-01-01,HINDPETRO
2495,2020-01-01,HINDUNILVR
2496,2020-01-01,ICICIBANK
2497,2020-01-01,ICICIPRULI
2498,2020-01-01,IDEA
2499,2020-01-01,IDFCFIRSTB
2500,2020-01-01,IGL
2501,2020-01-01,INDIGO
2502,2020-01-01,INDUSINDBK
2503,2020-01-01,INFY
2504,2020-01-01,IOC
2505,2020-01-01,ITC
2506,2020-01-01,JINDALSTEL
2507,2020-01-01,JSWSTEEL
2508,2020-01-01,JUBLFOOD
2509,2020-01-01,KOTAKBANK
2510,2020-01-01,LICHSGFIN
2511,2020-01-01,LT
2512,2020-01-01,LUPIN
2513,2020-01-01,M_M
2514,2020-01-01,RBLBANK
2515,2020-07-01,UNITDSPR
2516,2020-07-01,TATACONSUM
2517,2020-07-01,JUSTDIAL
2518,2020-07-01,NCC
2519,2020-07-01,CENTURYTEX
2520,2020-07-01,EQUITAS
2521,2020-07-01,UJJIVAN
2522,2020-07-01,INDUSTOWER
2523,2020-07-01,CADILAHC
2524,2020-07-01,MINDTREE
2525,2020-07-01,SRTRANSFIN
2526,2020-07-01,AMARAJABAT
2527,2020-07-01,TORNTPOWER
2528,2020-07-01,HDFC
2529,2020-07-01,IBULHSGFIN
2530,2020-07-01,L_TFH
2531,2020-07-01,ZEEL
2532,2020-07-01,TCS
2533,2020-07-01,GODREJPROP
2534,2020-07-01,BANDHANBNK
2535,2020-07-01,UPL
2536,2020-07-01,HDFCLIFE
2537,2020-07-01,SIEMENS
2538,2020-07-01,SHREECEM
2539,2020-07-01,SBIN
2540,2020-07-01,SAIL
2541,2020-07-01,VOLTAS
2542,2020-07-01,VEDL
2543,2020-07-01,RECLTD
2544,2020-07-01,SRF
2545,2020-07-01,RELIANCE
2546,2020-07-01,SBILIFE
2547,2020-07-01,TATAMOTORS
2548,2020-07-01,TORNTPHARM
2549,2020-07-01,TITAN
2550,2020-07-01,TATAPOWER
2551,2020-07-01,TATASTEEL
2552,2020-07-01,TECHM
2553,2020-07-01,UBL
2554,2020-07-01,ULTRACEMCO
2555,2020-07-01,SUNPHARMA
2556,2020-07-01,SUNTV
2557,2020-07-01,TVSMOTOR
2558,2020-07-01,TATACHEM
2559,2020-07-01,WIPRO
2560,2020-07-01,MANAPPURAM
2561,2020-07-01,RAMCOCEM
2562,2020-07-01,CHOLAFIN
2563,2020-07-01,CIPLA
2564,2020-07-01,COALINDIA
2565,2020-07-01,COLPAL
2566,2020-07-01,CONCOR
2567,2020-07-01,CUMMINSIND
2568,2020-07-01,DABUR
2569,2020-07-01,DIVISLAB
2570,2020-07-01,DLF
2571,2020-07-01,CANBK
2572,2020-07-01,DRREDDY
2573,2020-07-01,ESCORTS
2574,2020-07-01,EXIDEIND
2575,2020-07-01,FEDERALBNK
2576,2020-07-01,GAIL
2577,2020-07-01,GLENMARK
2578,2020-07-01,GMRINFRA
2579,2020-07-01,GODREJCP
2580,2020-07-01,GRASIM
2581,2020-07-01,HAVELLS
2582,2020-07-01,EICHERMOT
2583,2020-07-01,HCLTECH
2584,2020-07-01,BRITANNIA
2585,2020-07-01,BOSCHLTD
2586,2020-07-01,ACC
2587,2020-07-01,ADANIENT
2588,2020-07-01,ADANIPORTS
2589,2020-07-01,AMBUJACEM
2590,2020-07-01,APOLLOHOSP
2591,2020-07-01,APOLLOTYRE
2592,2020-07-01,ASHOKLEY
2593,2020-07-01,ASIANPAINT
2594,2020-07-01,AUROPHARMA
2595,2020-07-01,AXISBANK
2596,2020-07-01,BPCL
2597,2020-07-01,BAJAJ_AUTO
2598,2020-07-01,BAJFINANCE
2599,2020-07-01,BALKRISIND
2600,2020-07-01,BANKBARODA
2601,2020-07-01,BATAINDIA
2602,2020-07-01,BEL
2603,2020-07-01,BERGEPAINT
2604,2020-07-01,BHARATFORG
2605,2020-07-01,BHARTIARTL
2606,2020-07-01,BHEL
2607,2020-07-01,BIOCON
2608,2020-07-01,BAJAJFINSV
2609,2020-07-01,HDFCBANK
2610,2020-07-01,HEROMOTOCO
2611,2020-07-01,HINDALCO
2612,2020-07-01,MFSL
2613,2020-07-01,MGL
2614,2020-07-01,MOTHERSON
2615,2020-07-01,MRF
2616,2020-07-01,MUTHOOTFIN
2617,2020-07-01,NATIONALUM
2618,2020-07-01,NAUKRI
2619,2020-07-01,NESTLEIND
2620,2020-07-01,MARUTI
2621,2020-07-01,COFORGE
2622,2020-07-01,NTPC
2623,2020-07-01,ONGC
2624,2020-07-01,PAGEIND
2625,2020-07-01,PEL
2626,2020-07-01,PETRONET
2627,2020-07-01,PFC
2628,2020-07-01,PIDILITIND
2629,2020-07-01,PNB
2630,2020-07-01,POWERGRID
2631,2020-07-01,PVRINOX
2632,2020-07-01,NMDC
2633,2020-07-01,MARICO
2634,2020-07-01,M_MFIN
2635,2020-07-01,HINDPETRO
2636,2020-07-01,HINDUNILVR
2637,2020-07-01,ICICIBANK
2638,2020-07-01,ICICIPRULI
2639,2020-07-01,IDEA
2640,2020-07-01,IDFCFIRSTB
2641,2020-07-01,IGL
2642,2020-07-01,INDIGO
2643,2020-07-01,INDUSINDBK
2644,2020-07-01,INFY
2645,2020-07-01,IOC
2646,2020-07-01,ITC
2647,2020-07-01,JINDALSTEL
2648,2020-07-01,JSWSTEEL
2649,2020-07-01,JUBLFOOD
2650,2020-07-01,KOTAKBANK
2651,2020-07-01,LICHSGFIN
2652,2020-07-01,LT
2653,2020-07-01,LUPIN
2654,2020-07-01,M_M
2655,2020-07-01,RBLBANK
2656,2021-01-01,UNITDSPR
2657,2021-01-01,TATACONSUM
2658,2021-01-01,INDUSTOWER
2659,2021-01-01,CADILAHC
2660,2021-01-01,MINDTREE
2661,2021-01-01,SRTRANSFIN
2662,2021-01-01,AMARAJABAT
2663,2021-01-01,TORNTPOWER
2664,2021-01-01,HDFC
2665,2021-01-01,IBULHSGFIN
2666,2021-01-01,L_TFH
2667,2021-01-01,ZEEL
2668,2021-01-01,TCS
2669,2021-01-01,GODREJPROP
2670,2021-01-01,BANDHANBNK
2671,2021-01-01,UPL
2672,2021-01-01,HDFCLIFE
2673,2021-01-01,SIEMENS
2674,2021-01-01,SHREECEM
2675,2021-01-01,SBIN
2676,2021-01-01,SAIL
2677,2021-01-01,VOLTAS
2678,2021-01-01,VEDL
2679,2021-01-01,RECLTD
2680,2021-01-01,SRF
2681,2021-01-01,RELIANCE
2682,2021-01-01,SBILIFE
2683,2021-01-01,ICICIGI
2684,2021-01-01,TATAMOTORS
2685,2021-01-01,TORNTPHARM
2686,2021-01-01,TITAN
2687,2021-01-01,TATAPOWER
2688,2021-01-01,TATASTEEL
2689,2021-01-01,TECHM
2690,2021-01-01,UBL
2691,2021-01-01,ULTRACEMCO
2692,2021-01-01,SUNPHARMA
2693,2021-01-01,SUNTV
2694,2021-01-01,TVSMOTOR
2695,2021-01-01,HDFCAMC
2696,2021-01-01,TATACHEM
2697,2021-01-01,LALPATHLAB
2698,2021-01-01,AARTIIND
2699,2021-01-01,WIPRO
2700,2021-01-01,MANAPPURAM
2701,2021-01-01,RAMCOCEM
2702,2021-01-01,CHOLAFIN
2703,2021-01-01,CIPLA
2704,2021-01-01,COALINDIA
2705,2021-01-01,COLPAL
2706,2021-01-01,CONCOR
2707,2021-01-01,CUMMINSIND
2708,2021-01-01,DABUR
2709,2021-01-01,DIVISLAB
2710,2021-01-01,DLF
2711,2021-01-01,CANBK
2712,2021-01-01,DRREDDY
2713,2021-01-01,ESCORTS
2714,2021-01-01,EXIDEIND
2715,2021-01-01,FEDERALBNK
2716,2021-01-01,GAIL
2717,2021-01-01,GLENMARK
2718,2021-01-01,GMRINFRA
2719,2021-01-01,GODREJCP
2720,2021-01-01,GRASIM
2721,2021-01-01,HAVELLS
2722,2021-01-01,EICHERMOT
2723,2021-01-01,HCLTECH
2724,2021-01-01,BRITANNIA
2725,2021-01-01,BOSCHLTD
2726,2021-01-01,ACC
2727,2021-01-01,ADANIENT
2728,2021-01-01,ADANIPORTS
2729,2021-01-01,AMBUJACEM
2730,2021-01-01,APOLLOHOSP
2731,2021-01-01,APOLLOTYRE
2732,2021-01-01,ASHOKLEY
2733,2021-01-01,ASIANPAINT
2734,2021-01-01,AUROPHARMA
2735,2021-01-01,AXISBANK
2736,2021-01-01,BPCL
2737,2021-01-01,BAJAJ_AUTO
2738,2021-01-01,BAJFINANCE
2739,2021-01-01,BALKRISIND
2740,2021-01-01,BANKBARODA
2741,2021-01-01,BATAINDIA
2742,2021-01-01,BEL
2743,2021-01-01,BERGEPAINT
2744,2021-01-01,BHARATFORG
2745,2021-01-01,BHARTIARTL
2746,2021-01-01,BHEL
2747,2021-01-01,BIOCON
2748,2021-01-01,BAJAJFINSV
2749,2021-01-01,HDFCBANK
2750,2021-01-01,HEROMOTOCO
2751,2021-01-01,HINDALCO
2752,2021-01-01,MFSL
2753,2021-01-01,MGL
2754,2021-01-01,MOTHERSON
2755,2021-01-01,MRF
2756,2021-01-01,MUTHOOTFIN
2757,2021-01-01,NATIONALUM
2758,2021-01-01,NAUKRI
2759,2021-01-01,NESTLEIND
2760,2021-01-01,MARUTI
2761,2021-01-01,COFORGE
2762,2021-01-01,NTPC
2763,2021-01-01,ONGC
2764,2021-01-01,PAGEIND
2765,2021-01-01,PEL
2766,2021-01-01,PETRONET
2767,2021-01-01,PFC
2768,2021-01-01,PIDILITIND
2769,2021-01-01,PNB
2770,2021-01-01,POWERGRID
2771,2021-01-01,PVRINOX
2772,2021-01-01,NMDC
2773,2021-01-01,MARICO
2774,2021-01-01,M_MFIN
2775,2021-01-01,HINDPETRO
2776,2021-01-01,HINDUNILVR
2777,2021-01-01,ICICIBANK
2778,2021-01-01,ICICIPRULI
2779,2021-01-01,IDEA
2780,2021-01-01,IDFCFIRSTB
2781,2021-01-01,IGL
2782,2021-01-01,INDIGO
2783,2021-01-01,INDUSINDBK
2784,2021-01-01,INFY
2785,2021-01-01,IOC
2786,2021-01-01,ITC
2787,2021-01-01,JINDALSTEL
2788,2021-01-01,JSWSTEEL
2789,2021-01-01,JUBLFOOD
2790,2021-01-01,KOTAKBANK
2791,2021-01-01,LICHSGFIN
2792,2021-01-01,LT
2793,2021-01-01,LUPIN
2794,2021-01-01,M_M
2795,2021-01-01,RBLBANK
2796,2021-07-01,INDHOTEL
2797,2021-07-01,UNITDSPR
2798,2021-07-01,GRANULES
2799,2021-07-01,TATACONSUM
2800,2021-07-01,INDUSTOWER
2801,2021-07-01,CADILAHC
2802,2021-07-01,PFIZER
2803,2021-07-01,APLLTD
2804,2021-07-01,MINDTREE
2805,2021-07-01,SRTRANSFIN
2806,2021-07-01,AMARAJABAT
2807,2021-07-01,TORNTPOWER
2808,2021-07-01,HDFC
2809,2021-07-01,IBULHSGFIN
2810,2021-07-01,L_TFH
2811,2021-07-01,ZEEL
2812,2021-07-01,TCS
2813,2021-07-01,GODREJPROP
2814,2021-07-01,BANDHANBNK
2815,2021-07-01,UPL
2816,2021-07-01,HDFCLIFE
2817,2021-07-01,SIEMENS
2818,2021-07-01,SHREECEM
2819,2021-07-01,SBIN
2820,2021-07-01,SAIL
2821,2021-07-01,VOLTAS
2822,2021-07-01,VEDL
2823,2021-07-01,RECLTD
2824,2021-07-01,SRF
2825,2021-07-01,RELIANCE
2826,2021-07-01,SBILIFE
2827,2021-07-01,ICICIGI
2828,2021-07-01,NAVINFLUOR
2829,2021-07-01,TATAMOTORS
2830,2021-07-01,NAM_INDIA
2831,2021-07-01,TORNTPHARM
2832,2021-07-01,TITAN
2833,2021-07-01,AUBANK
2834,2021-07-01,TATAPOWER
2835,2021-07-01,LTIM
2836,2021-07-01,IRCTC
2837,2021-07-01,GUJGASLTD
2838,2021-07-01,TATASTEEL
2839,2021-07-01,DEEPAKNTR
2840,2021-07-01,CUB
2841,2021-07-01,LTTS
2842,2021-07-01,TECHM
2843,2021-07-01,ALKEM
2844,2021-07-01,UBL
2845,2021-07-01,ULTRACEMCO
2846,2021-07-01,METROPOLIS
2847,2021-07-01,SUNPHARMA
2848,2021-07-01,COROMANDEL
2849,2021-07-01,ABFRL
2850,2021-07-01,SUNTV
2851,2021-07-01,TVSMOTOR
2852,2021-07-01,HDFCAMC
2853,2021-07-01,TRENT
2854,2021-07-01,PIIND
2855,2021-07-01,TATACHEM
2856,2021-07-01,LALPATHLAB
2857,2021-07-01,AARTIIND
2858,2021-07-01,WIPRO
2859,2021-07-01,MANAPPURAM
2860,2021-07-01,RAMCOCEM
2861,2021-07-01,CHOLAFIN
2862,2021-07-01,CIPLA
2863,2021-07-01,COALINDIA
2864,2021-07-01,COLPAL
2865,2021-07-01,CONCOR
2866,2021-07-01,CUMMINSIND
2867,2021-07-01,DABUR
2868,2021-07-01,DIVISLAB
2869,2021-07-01,DLF
2870,2021-07-01,CANBK
2871,2021-07-01,DRREDDY
2872,2021-07-01,ESCORTS
2873,2021-07-01,EXIDEIND
2874,2021-07-01,FEDERALBNK
2875,2021-07-01,GAIL
2876,2021-07-01,GLENMARK
2877,2021-07-01,GMRINFRA
2878,2021-07-01,GODREJCP
2879,2021-07-01,GRASIM
2880,2021-07-01,HAVELLS
2881,2021-07-01,EICHERMOT
2882,2021-07-01,HCLTECH
2883,2021-07-01,BRITANNIA
2884,2021-07-01,BOSCHLTD
2885,2021-07-01,ACC
2886,2021-07-01,ADANIENT
2887,2021-07-01,ADANIPORTS
2888,2021-07-01,AMBUJACEM
2889,2021-07-01,APOLLOHOSP
2890,2021-07-01,APOLLOTYRE
2891,2021-07-01,ASHOKLEY
2892,2021-07-01,ASIANPAINT
2893,2021-07-01,AUROPHARMA
2894,2021-07-01,AXISBANK
2895,2021-07-01,BPCL
2896,2021-07-01,BAJAJ_AUTO
2897,2021-07-01,BAJFINANCE
2898,2021-07-01,BALKRISIND
2899,2021-07-01,BANKBARODA
2900,2021-07-01,BATAINDIA
2901,2021-07-01,BEL
2902,2021-07-01,BERGEPAINT
2903,2021-07-01,BHARATFORG
2904,2021-07-01,BHARTIARTL
2905,2021-07-01,BHEL
2906,2021-07-01,BIOCON
2907,2021-07-01,BAJAJFINSV
2908,2021-07-01,HDFCBANK
2909,2021-07-01,HEROMOTOCO
2910,2021-07-01,HINDALCO
2911,2021-07-01,MFSL
2912,2021-07-01,MGL
2913,2021-07-01,MOTHERSON
2914,2021-07-01,MPHASIS
2915,2021-07-01,MRF
2916,2021-07-01,MUTHOOTFIN
2917,2021-07-01,NATIONALUM
2918,2021-07-01,NAUKRI
2919,2021-07-01,NESTLEIND
2920,2021-07-01,MARUTI
2921,2021-07-01,COFORGE
2922,2021-07-01,NTPC
2923,2021-07-01,ONGC
2924,2021-07-01,PAGEIND
2925,2021-07-01,PEL
2926,2021-07-01,PETRONET
2927,2021-07-01,PFC
2928,2021-07-01,PIDILITIND
2929,2021-07-01,PNB
2930,2021-07-01,POWERGRID
2931,2021-07-01,PVRINOX
2932,2021-07-01,NMDC
2933,2021-07-01,MARICO
2934,2021-07-01,M_MFIN
2935,2021-07-01,HINDPETRO
2936,2021-07-01,HINDUNILVR
2937,2021-07-01,ICICIBANK
2938,2021-07-01,ICICIPRULI
2939,2021-07-01,IDEA
2940,2021-07-01,IDFCFIRSTB
2941,2021-07-01,IGL
2942,2021-07-01,INDIGO
2943,2021-07-01,INDUSINDBK
2944,2021-07-01,INFY
2945,2021-07-01,IOC
2946,2021-07-01,ITC
2947,2021-07-01,JINDALSTEL
2948,2021-07-01,JSWSTEEL
2949,2021-07-01,JUBLFOOD
2950,2021-07-01,KOTAKBANK
2951,2021-07-01,LICHSGFIN
2952,2021-07-01,LT
2953,2021-07-01,LUPIN
2954,2021-07-01,M_M
2955,2021-07-01,RBLBANK
2956,2022-01-01,INDHOTEL
2957,2022-01-01,CHAMBLFERT
2958,2022-01-01,GSPL
2959,2022-01-01,UNITDSPR
2960,2022-01-01,BALRAMCHIN
2961,2022-01-01,GRANULES
2962,2022-01-01,INDIACEM
2963,2022-01-01,IDFC
2964,2022-01-01,CANFINHOME
2965,2022-01-01,TATACOMM
2966,2022-01-01,OFSS
2967,2022-01-01,MCX
2968,2022-01-01,BSOFT
2969,2022-01-01,STAR
2970,2022-01-01,NBCC
2971,2022-01-01,TATACONSUM
2972,2022-01-01,INDUSTOWER
2973,2022-01-01,CADILAHC
2974,2022-01-01,PFIZER
2975,2022-01-01,APLLTD
2976,2022-01-01,MINDTREE
2977,2022-01-01,SRTRANSFIN
2978,2022-01-01,AMARAJABAT
2979,2022-01-01,FSL
2980,2022-01-01,TORNTPOWER
2981,2022-01-01,HONAUT
2982,2022-01-01,WHIRLPOOL
2983,2022-01-01,RAIN
2984,2022-01-01,HDFC
2985,2022-01-01,IBULHSGFIN
2986,2022-01-01,DELTACORP
2987,2022-01-01,L_TFH
2988,2022-01-01,ZEEL
2989,2022-01-01,TCS
2990,2022-01-01,GODREJPROP
2991,2022-01-01,HAL
2992,2022-01-01,IEX
2993,2022-01-01,IPCALAB
2994,2022-01-01,BANDHANBNK
2995,2022-01-01,UPL
2996,2022-01-01,HDFCLIFE
2997,2022-01-01,POLYCAB
2998,2022-01-01,DIXON
2999,2022-01-01,SIEMENS
3000,2022-01-01,SHREECEM
3001,2022-01-01,SBIN
3002,2022-01-01,INDIAMART
3003,2022-01-01,SAIL
3004,2022-01-01,SYNGENE
3005,2022-01-01,ABBOTINDIA
3006,2022-01-01,VOLTAS
3007,2022-01-01,HINDCOPPER
3008,2022-01-01,ABCAPITAL
3009,2022-01-01,VEDL
3010,2022-01-01,SBICARD
3011,2022-01-01,RECLTD
3012,2022-01-01,SRF
3013,2022-01-01,LAURUSLABS
3014,2022-01-01,ATUL
3015,2022-01-01,PERSISTENT
3016,2022-01-01,OBEROIRLTY
3017,2022-01-01,JKCEMENT
3018,2022-01-01,DALBHARAT
3019,2022-01-01,CROMPTON
3020,2022-01-01,RELIANCE
3021,2022-01-01,SBILIFE
3022,2022-01-01,ASTRAL
3023,2022-01-01,ICICIGI
3024,2022-01-01,NAVINFLUOR
3025,2022-01-01,TATAMOTORS
3026,2022-01-01,NAM_INDIA
3027,2022-01-01,TORNTPHARM
3028,2022-01-01,TITAN
3029,2022-01-01,AUBANK
3030,2022-01-01,TATAPOWER
3031,2022-01-01,LTIM
3032,2022-01-01,IRCTC
3033,2022-01-01,GUJGASLTD
3034,2022-01-01,TATASTEEL
3035,2022-01-01,DEEPAKNTR
3036,2022-01-01,CUB
3037,2022-01-01,LTTS
3038,2022-01-01,TECHM
3039,2022-01-01,ALKEM
3040,2022-01-01,UBL
3041,2022-01-01,ULTRACEMCO
3042,2022-01-01,METROPOLIS
3043,2022-01-01,SUNPHARMA
3044,2022-01-01,COROMANDEL
3045,2022-01-01,ABFRL
3046,2022-01-01,SUNTV
3047,2022-01-01,TVSMOTOR
3048,2022-01-01,HDFCAMC
3049,2022-01-01,TRENT
3050,2022-01-01,PIIND
3051,2022-01-01,TATACHEM
3052,2022-01-01,LALPATHLAB
3053,2022-01-01,AARTIIND
3054,2022-01-01,WIPRO
3055,2022-01-01,MANAPPURAM
3056,2022-01-01,RAMCOCEM
3057,2022-01-01,CHOLAFIN
3058,2022-01-01,CIPLA
3059,2022-01-01,COALINDIA
3060,2022-01-01,COLPAL
3061,2022-01-01,CONCOR
3062,2022-01-01,CUMMINSIND
3063,2022-01-01,DABUR
3064,2022-01-01,DIVISLAB
3065,2022-01-01,DLF
3066,2022-01-01,CANBK
3067,2022-01-01,DRREDDY
3068,2022-01-01,ESCORTS
3069,2022-01-01,EXIDEIND
3070,2022-01-01,FEDERALBNK
3071,2022-01-01,GAIL
3072,2022-01-01,GLENMARK
3073,2022-01-01,GMRINFRA
3074,2022-01-01,GNFC
3075,2022-01-01,GODREJCP
3076,2022-01-01,GRASIM
3077,2022-01-01,HAVELLS
3078,2022-01-01,EICHERMOT
3079,2022-01-01,HCLTECH
3080,2022-01-01,BRITANNIA
3081,2022-01-01,BOSCHLTD
3082,2022-01-01,ACC
3083,2022-01-01,ADANIENT
3084,2022-01-01,ADANIPORTS
3085,2022-01-01,AMBUJACEM
3086,2022-01-01,APOLLOHOSP
3087,2022-01-01,APOLLOTYRE
3088,2022-01-01,ASHOKLEY
3089,2022-01-01,ASIANPAINT
3090,2022-01-01,AUROPHARMA
3091,2022-01-01,AXISBANK
3092,2022-01-01,BPCL
3093,2022-01-01,BAJAJ_AUTO
3094,2022-01-01,BAJFINANCE
3095,2022-01-01,BALKRISIND
3096,2022-01-01,BANKBARODA
3097,2022-01-01,BATAINDIA
3098,2022-01-01,BEL
3099,2022-01-01,BERGEPAINT
3100,2022-01-01,BHARATFORG
3101,2022-01-01,BHARTIARTL
3102,2022-01-01,BHEL
3103,2022-01-01,BIOCON
3104,2022-01-01,BAJAJFINSV
3105,2022-01-01,HDFCBANK
3106,2022-01-01,HEROMOTOCO
3107,2022-01-01,HINDALCO
3108,2022-01-01,MFSL
3109,2022-01-01,MGL
3110,2022-01-01,MOTHERSON
3111,2022-01-01,MPHASIS
3112,2022-01-01,MRF
3113,2022-01-01,MUTHOOTFIN
3114,2022-01-01,NATIONALUM
3115,2022-01-01,NAUKRI
3116,2022-01-01,NESTLEIND
3117,2022-01-01,MARUTI
3118,2022-01-01,COFORGE
3119,2022-01-01,NTPC
3120,2022-01-01,ONGC
3121,2022-01-01,PAGEIND
3122,2022-01-01,PEL
3123,2022-01-01,PETRONET
3124,2022-01-01,PFC
3125,2022-01-01,PIDILITIND
3126,2022-01-01,PNB
3127,2022-01-01,POWERGRID
3128,2022-01-01,PVRINOX
3129,2022-01-01,NMDC
3130,2022-01-01,MARICO
3131,2022-01-01,M_MFIN
3132,2022-01-01,HINDPETRO
3133,2022-01-01,HINDUNILVR
3134,2022-01-01,ICICIBANK
3135,2022-01-01,ICICIPRULI
3136,2022-01-01,IDEA
3137,2022-01-01,IDFCFIRSTB
3138,2022-01-01,IGL
3139,2022-01-01,INDIGO
3140,2022-01-01,INDUSINDBK
3141,2022-01-01,INFY
3142,2022-01-01,IOC
3143,2022-01-01,ITC
3144,2022-01-01,JINDALSTEL
3145,2022-01-01,JSWSTEEL
3146,2022-01-01,JUBLFOOD
3147,2022-01-01,KOTAKBANK
3148,2022-01-01,LICHSGFIN
3149,2022-01-01,LT
3150,2022-01-01,LUPIN
3151,2022-01-01,M_M
3152,2022-01-01,RBLBANK
3153,2022-07-01,ABB
3154,2022-07-01,INDHOTEL
3155,2022-07-01,CHAMBLFERT
3156,2022-07-01,GSPL
3157,2022-07-01,UNITDSPR
3158,2022-07-01,BALRAMCHIN
3159,2022-07-01,GRANULES
3160,2022-07-01,INDIACEM
3161,2022-07-01,IDFC
3162,2022-07-01,CANFINHOME
3163,2022-07-01,TATACOMM
3164,2022-07-01,OFSS
3165,2022-07-01,MCX
3166,2022-07-01,BSOFT
3167,2022-07-01,NBCC
3168,2022-07-01,TATACONSUM
3169,2022-07-01,INDUSTOWER
3170,2022-07-01,MINDTREE
3171,2022-07-01,SRTRANSFIN
3172,2022-07-01,AMARAJABAT
3173,2022-07-01,FSL
3174,2022-07-01,TORNTPOWER
3175,2022-07-01,HONAUT
3176,2022-07-01,WHIRLPOOL
3177,2022-07-01,RAIN
3178,2022-07-01,HDFC
3179,2022-07-01,INTELLECT
3180,2022-07-01,IBULHSGFIN
3181,2022-07-01,DELTACORP
3182,2022-07-01,L_TFH
3183,2022-07-01,ZEEL
3184,2022-07-01,TCS
3185,2022-07-01,GODREJPROP
3186,2022-07-01,HAL
3187,2022-07-01,IEX
3188,2022-07-01,IPCALAB
3189,2022-07-01,BANDHANBNK
3190,2022-07-01,UPL
3191,2022-07-01,HDFCLIFE
3192,2022-07-01,POLYCAB
3193,2022-07-01,DIXON
3194,2022-07-01,SIEMENS
3195,2022-07-01,SHREECEM
3196,2022-07-01,SBIN
3197,2022-07-01,INDIAMART
3198,2022-07-01,SAIL
3199,2022-07-01,SYNGENE
3200,2022-07-01,ABBOTINDIA
3201,2022-07-01,VOLTAS
3202,2022-07-01,HINDCOPPER
3203,2022-07-01,ABCAPITAL
3204,2022-07-01,VEDL
3205,2022-07-01,SBICARD
3206,2022-07-01,RECLTD
3207,2022-07-01,SRF
3208,2022-07-01,LAURUSLABS
3209,2022-07-01,ATUL
3210,2022-07-01,PERSISTENT
3211,2022-07-01,OBEROIRLTY
3212,2022-07-01,JKCEMENT
3213,2022-07-01,DALBHARAT
3214,2022-07-01,CROMPTON
3215,2022-07-01,RELIANCE
3216,2022-07-01,SBILIFE
3217,2022-07-01,ASTRAL
3218,2022-07-01,ICICIGI
3219,2022-07-01,NAVINFLUOR
3220,2022-07-01,TATAMOTORS
3221,2022-07-01,NAM_INDIA
3222,2022-07-01,TORNTPHARM
3223,2022-07-01,TITAN
3224,2022-07-01,AUBANK
3225,2022-07-01,TATAPOWER
3226,2022-07-01,LTIM
3227,2022-07-01,IRCTC
3228,2022-07-01,GUJGASLTD
3229,2022-07-01,TATASTEEL
3230,2022-07-01,DEEPAKNTR
3231,2022-07-01,CUB
3232,2022-07-01,LTTS
3233,2022-07-01,TECHM
3234,2022-07-01,ALKEM
3235,2022-07-01,UBL
3236,2022-07-01,ULTRACEMCO
3237,2022-07-01,METROPOLIS
3238,2022-07-01,SUNPHARMA
3239,2022-07-01,COROMANDEL
3240,2022-07-01,ABFRL
3241,2022-07-01,SUNTV
3242,2022-07-01,TVSMOTOR
3243,2022-07-01,HDFCAMC
3244,2022-07-01,TRENT
3245,2022-07-01,PIIND
3246,2022-07-01,TATACHEM
3247,2022-07-01,LALPATHLAB
3248,2022-07-01,AARTIIND
3249,2022-07-01,ZYDUSLIFE
3250,2022-07-01,WIPRO
3251,2022-07-01,MANAPPURAM
3252,2022-07-01,RAMCOCEM
3253,2022-07-01,CHOLAFIN
3254,2022-07-01,CIPLA
3255,2022-07-01,COALINDIA
3256,2022-07-01,COLPAL
3257,2022-07-01,CONCOR
3258,2022-07-01,CUMMINSIND
3259,2022-07-01,DABUR
3260,2022-07-01,DIVISLAB
3261,2022-07-01,DLF
3262,2022-07-01,CANBK
3263,2022-07-01,DRREDDY
3264,2022-07-01,ESCORTS
3265,2022-07-01,EXIDEIND
3266,2022-07-01,FEDERALBNK
3267,2022-07-01,GAIL
3268,2022-07-01,GLENMARK
3269,2022-07-01,GMRINFRA
3270,2022-07-01,GNFC
3271,2022-07-01,GODREJCP
3272,2022-07-01,GRASIM
3273,2022-07-01,HAVELLS
3274,2022-07-01,EICHERMOT
3275,2022-07-01,HCLTECH
3276,2022-07-01,BRITANNIA
3277,2022-07-01,BOSCHLTD
3278,2022-07-01,ACC
3279,2022-07-01,ADANIENT
3280,2022-07-01,ADANIPORTS
3281,2022-07-01,AMBUJACEM
3282,2022-07-01,APOLLOHOSP
3283,2022-07-01,APOLLOTYRE
3284,2022-07-01,ASHOKLEY
3285,2022-07-01,ASIANPAINT
3286,2022-07-01,AUROPHARMA
3287,2022-07-01,AXISBANK
3288,2022-07-01,BPCL
3289,2022-07-01,BAJAJ_AUTO
3290,2022-07-01,BAJFINANCE
3291,2022-07-01,BALKRISIND
3292,2022-07-01,BANKBARODA
3293,2022-07-01,BATAINDIA
3294,2022-07-01,BEL
3295,2022-07-01,BERGEPAINT
3296,2022-07-01,BHARATFORG
3297,2022-07-01,BHARTIARTL
3298,2022-07-01,BHEL
3299,2022-07-01,BIOCON
3300,2022-07-01,BAJAJFINSV
3301,2022-07-01,HDFCBANK
3302,2022-07-01,HEROMOTOCO
3303,2022-07-01,HINDALCO
3304,2022-07-01,MFSL
3305,2022-07-01,MGL
3306,2022-07-01,MOTHERSON
3307,2022-07-01,MPHASIS
3308,2022-07-01,MRF
3309,2022-07-01,MUTHOOTFIN
3310,2022-07-01,NATIONALUM
3311,2022-07-01,NAUKRI
3312,2022-07-01,NESTLEIND
3313,2022-07-01,MARUTI
3314,2022-07-01,COFORGE
3315,2022-07-01,NTPC
3316,2022-07-01,ONGC
3317,2022-07-01,PAGEIND
3318,2022-07-01,PEL
3319,2022-07-01,PETRONET
3320,2022-07-01,PFC
3321,2022-07-01,PIDILITIND
3322,2022-07-01,PNB
3323,2022-07-01,POWERGRID
3324,2022-07-01,PVRINOX
3325,2022-07-01,NMDC
3326,2022-07-01,MARICO
3327,2022-07-01,M_MFIN
3328,2022-07-01,HINDPETRO
3329,2022-07-01,HINDUNILVR
3330,2022-07-01,ICICIBANK
3331,2022-07-01,ICICIPRULI
3332,2022-07-01,IDEA
3333,2022-07-01,IDFCFIRSTB
3334,2022-07-01,IGL
3335,2022-07-01,INDIGO
3336,2022-07-01,INDUSINDBK
3337,2022-07-01,INFY
3338,2022-07-01,IOC
3339,2022-07-01,ITC
3340,2022-07-01,JINDALSTEL
3341,2022-07-01,JSWSTEEL
3342,2022-07-01,JUBLFOOD
3343,2022-07-01,KOTAKBANK
3344,2022-07-01,LICHSGFIN
3345,2022-07-01,LT
3346,2022-07-01,LUPIN
3347,2022-07-01,M_M
3348,2022-07-01,RBLBANK
