,Unnamed: 0,Date,Symbol,Prev Date,Curr Price,Curr Date,Prev Price,6 Months Returns,Diff,STD,Ratio
0,20,2013-01-01,UNITDSPR,2012-01-01,390.61,2013-01-01,98.38,2.9704208172392765,"366 days, 0:00:00",0.02020041942437722,147.0474822742872
1,46,2013-01-01,KTKBANK,2012-01-01,126.252640473173,2013-01-01,48.2796021046972,1.6150306748466283,"366 days, 0:00:00",0.02112944792707398,76.4350625922993
2,17,2013-01-01,DENABANK,2012-01-01,120.15,2013-01-01,48.85,1.4595701125895602,"366 days, 0:00:00",0.019572601897689848,74.57210442531061
3,110,2013-01-01,AUROPHARMA,2012-01-01,96.725,2013-01-01,42.575,1.2718731650029358,"366 days, 0:00:00",0.021062483158115927,60.38571784034162
4,123,2013-01-01,MRF,2012-01-01,13243.25,2013-01-01,6979.2,0.8975312356717102,"366 days, 0:00:00",0.015036859787979187,59.68874142121199
5,54,2013-01-01,OFSS,2012-01-01,3299.2,2013-01-01,1857.45,0.776198551777975,"366 days, 0:00:00",0.014206520041053449,54.63678293733769
6,109,2013-01-01,ASIANPAINT,2012-01-01,442.305,2013-01-01,259.235,0.7061932223658071,"366 days, 0:00:00",0.013826416079451582,51.075652454530925
7,37,2013-01-01,GODREJIND,2012-01-01,312.200239808153,2013-01-01,171.013189448441,0.8255915863277825,"366 days, 0:00:00",0.016344401534507103,50.51219431832686
8,83,2013-01-01,ULTRACEMCO,2012-01-01,2022.8,2013-01-01,1166.5,0.7340762966138019,"366 days, 0:00:00",0.014640325922525583,50.14070728332306
9,90,2013-01-01,COLPAL,2012-01-01,779.85,2013-01-01,495.275,0.5745797789107063,"366 days, 0:00:00",0.011619393972188188,49.45006428786236
10,120,2013-01-01,HDFCBANK,2012-01-01,342.25,2013-01-01,213.425,0.6036078247627972,"366 days, 0:00:00",0.012286811221578804,49.12648317593636
11,34,2013-01-01,PTC,2012-01-01,75.85,2013-01-01,38.85,0.9523809523809522,"366 days, 0:00:00",0.019763941728125373,48.187804107196506
12,61,2013-01-01,TATACONSUM,2012-01-01,160.8,2013-01-01,90.1,0.7846836847946729,"366 days, 0:00:00",0.016988403378134898,46.189372086879466
13,60,2013-01-01,TATAMTRDVR,2012-01-01,176.30644084037,2013-01-01,85.9512455065176,1.0512377662636763,"366 days, 0:00:00",0.023075054374420523,45.557325638591294
14,115,2013-01-01,BATAINDIA,2012-01-01,437.6,2013-01-01,265.025,0.6511649844354308,"366 days, 0:00:00",0.015389000328401735,42.31366369091886
15,124,2013-01-01,MARUTI,2012-01-01,1514.4,2013-01-01,918.3,0.6491342698464556,"366 days, 0:00:00",0.015471487187304052,41.9568113903838
16,146,2013-01-01,LT,2012-01-01,722.177777777778,2013-01-01,442.066666666667,0.6336399738601511,"366 days, 0:00:00",0.015189322508897526,41.71614458044331
17,45,2013-01-01,SYNDIBANK,2012-01-01,132.6,2013-01-01,68.4,0.93859649122807,"366 days, 0:00:00",0.02253881535803714,41.64355918082336
18,102,2013-01-01,HCLTECH,2012-01-01,155.5375,2013-01-01,96.9875,0.6036860420157236,"366 days, 0:00:00",0.014577507402455748,41.4121581522247
19,137,2013-01-01,INDUSINDBK,2012-01-01,423.25,2013-01-01,225.85,0.8740314367943326,"366 days, 0:00:00",0.02127977685566482,41.07333656375534
20,82,2013-01-01,TECHM,2012-01-01,233.4125,2013-01-01,143.425,0.6274185114171168,"366 days, 0:00:00",0.015716185251118824,39.921806812022105
21,134,2013-01-01,ICICIBANK,2012-01-01,210.627272727273,2013-01-01,124.481818181818,0.6920324253268141,"366 days, 0:00:00",0.017484896405268225,39.57886905857239
22,52,2013-01-01,RELCAPITAL,2012-01-01,493.45,2013-01-01,235.0,1.0997872340425532,"366 days, 0:00:00",0.027878717249010792,39.448989859157756
23,101,2013-01-01,HAVELLS,2012-01-01,127.76,2013-01-01,77.04,0.6583592938733125,"366 days, 0:00:00",0.016859717868806808,39.049247383396796
24,79,2013-01-01,TITAN,2012-01-01,286.9,2013-01-01,171.0,0.6777777777777776,"366 days, 0:00:00",0.01745073316827433,38.83950154082848
25,68,2013-01-01,ZEEL,2012-01-01,223.35,2013-01-01,117.85,0.8952057700466696,"366 days, 0:00:00",0.02350259648525149,38.089654077515874
26,32,2013-01-01,HDIL,2012-01-01,114.9,2013-01-01,53.35,1.1537019681349578,"366 days, 0:00:00",0.030670475654147062,37.6160442095707
27,143,2013-01-01,JUBLFOOD,2012-01-01,131.26,2013-01-01,75.44,0.7399257688229055,"366 days, 0:00:00",0.019670741122370744,37.6155511487779
28,111,2013-01-01,AXISBANK,2012-01-01,272.54,2013-01-01,161.62,0.6863012003464919,"366 days, 0:00:00",0.018746203977132895,36.61014257519335
29,26,2013-01-01,MCLEODRUSS,2012-01-01,349.85,2013-01-01,188.55,0.8554760010607266,"366 days, 0:00:00",0.02386309828448319,35.84932647312582
30,162,2013-07-01,UNITDSPR,2012-07-01,491.45,2013-07-01,137.27,2.5801704669629193,"365 days, 0:00:00",0.02020041942437722,127.72855913324511
31,244,2013-07-01,HCLTECH,2012-07-01,189.6,2013-07-01,119.1125,0.5917724839962221,"365 days, 0:00:00",0.014577507402455748,40.59490197182347
32,226,2013-07-01,SUNPHARMA,2012-07-01,502.5,2013-07-01,317.9,0.5806857502359234,"365 days, 0:00:00",0.015717033831178423,36.94626839092228
33,252,2013-07-01,AUROPHARMA,2012-07-01,93.45,2013-07-01,55.0,0.6990909090909091,"365 days, 0:00:00",0.021062483158115927,33.191286319036465
34,177,2013-07-01,RCOM,2012-07-01,132.6,2013-07-01,63.5,1.0881889763779526,"365 days, 0:00:00",0.034017576698610524,31.98902102930808
35,224,2013-07-01,TECHM,2012-07-01,258.6125,2013-07-01,177.075,0.46046872794013854,"365 days, 0:00:00",0.015716185251118824,29.29901376082075
36,210,2013-07-01,ZEEL,2012-07-01,247.6,2013-07-01,146.8,0.6866485013623976,"365 days, 0:00:00",0.02350259648525149,29.215857141285987
37,289,2013-07-01,LUPIN,2012-07-01,777.15,2013-07-01,537.15,0.44680256911477245,"365 days, 0:00:00",0.015334629669143321,29.136834651692855
38,233,2013-07-01,DABUR,2012-07-01,155.3,2013-07-01,114.55,0.3557398515931909,"365 days, 0:00:00",0.01269048379262091,28.032016541405746
39,277,2013-07-01,IDEA,2012-07-01,87.0666,2013-07-01,45.7832,0.9017150395778363,"365 days, 0:00:00",0.03299811173790475,27.326261779459376
40,237,2013-07-01,DRREDDY,2012-07-01,2263.8,2013-07-01,1648.15,0.3735400297303037,"365 days, 0:00:00",0.014072992845033343,26.543041259495407
41,290,2013-07-01,M_M,2012-07-01,493.375,2013-07-01,353.625,0.3951926475786497,"365 days, 0:00:00",0.015751311336231477,25.089507733214553
42,266,2013-07-01,MARUTI,2012-07-01,1605.45,2013-07-01,1169.75,0.37247275058773244,"365 days, 0:00:00",0.015471487187304052,24.07478648163731
43,275,2013-07-01,HINDUNILVR,2012-07-01,587.4,2013-07-01,454.5,0.2924092409240924,"365 days, 0:00:00",0.012575170868201339,23.252903995404434
44,282,2013-07-01,ITC,2012-07-01,217.3,2013-07-01,172.6,0.2589803012746235,"365 days, 0:00:00",0.013425745565684044,19.289826401639278
45,265,2013-07-01,MRF,2012-07-01,12918.45,2013-07-01,10032.65,0.2876408526162082,"365 days, 0:00:00",0.015036859787979187,19.12905065764828
46,225,2013-07-01,ULTRACEMCO,2012-07-01,1932.3,2013-07-01,1516.5,0.27418397626112756,"365 days, 0:00:00",0.014640325922525583,18.727996747618064
47,230,2013-07-01,CIPLA,2012-07-01,397.75,2013-07-01,316.55,0.2565155583636076,"365 days, 0:00:00",0.013827003725798166,18.551781965966036
48,279,2013-07-01,INDUSINDBK,2012-07-01,471.95,2013-07-01,340.25,0.38706833210874353,"365 days, 0:00:00",0.02127977685566482,18.18949205784098
49,171,2013-07-01,ABIRLANUVO,2012-07-01,1095.0,2013-07-01,806.95,0.35696139785612485,"365 days, 0:00:00",0.019802112021815456,18.026430587952945
50,179,2013-07-01,GODREJIND,2012-07-01,312.699840127898,2013-07-01,241.606714628297,0.2942514474772573,"365 days, 0:00:00",0.016344401534507103,18.003194968994073
51,253,2013-07-01,AXISBANK,2012-07-01,269.76,2013-07-01,203.15,0.3278857986709327,"365 days, 0:00:00",0.018746203977132895,17.490783684574023
52,255,2013-07-01,BAJAJ_AUTO,2012-07-01,1922.9,2013-07-01,1572.85,0.22255777728327572,"365 days, 0:00:00",0.013412170541594414,16.5937181154288
53,243,2013-07-01,HAVELLS,2012-07-01,149.18,2013-07-01,116.64,0.2789780521262003,"365 days, 0:00:00",0.016859717868806808,16.54701782657672
54,251,2013-07-01,ASIANPAINT,2012-07-01,471.25,2013-07-01,388.855,0.2118913219580563,"365 days, 0:00:00",0.013826416079451582,15.325108165445927
55,262,2013-07-01,HDFCBANK,2012-07-01,334.375,2013-07-01,281.775,0.1866737645284359,"365 days, 0:00:00",0.012286811221578804,15.193019666533877
56,286,2013-07-01,KOTAKBANK,2012-07-01,361.975,2013-07-01,296.15,0.2222691203781869,"365 days, 0:00:00",0.014669708027403774,15.151570839922423
57,208,2013-07-01,SRTRANSFIN,2012-07-01,685.213682543871,2013-07-01,516.407041234627,0.326886792452831,"365 days, 0:00:00",0.022738988368351355,14.375608411313474
58,227,2013-07-01,SUNTV,2012-07-01,391.0,2013-07-01,301.8,0.295559973492379,"365 days, 0:00:00",0.021630586635495802,13.663983250799355
59,219,2013-07-01,RELIANCE,2012-07-01,438.691498542336,2013-07-01,365.460677655484,0.20037948092430866,"365 days, 0:00:00",0.01483391740855601,13.508197154227943
60,377,2014-01-01,HCLTECH,2013-01-01,314.625,2014-01-01,155.5375,1.0228240777947442,"365 days, 0:00:00",0.014577507402455748,70.1645383916895
61,355,2014-01-01,TECHM,2013-01-01,457.025,2014-01-01,233.4125,0.9580142451668183,"365 days, 0:00:00",0.015716185251118824,60.95717439437907
62,342,2014-01-01,TCS,2013-01-01,1076.65,2014-01-01,632.075,0.7033579875805878,"365 days, 0:00:00",0.013009985044444389,54.06293590482953
63,386,2014-01-01,AUROPHARMA,2013-01-01,195.85,2014-01-01,96.725,1.0248126130783148,"365 days, 0:00:00",0.021062483158115927,48.655830624767894
64,395,2014-01-01,BIOCON,2013-01-01,78.2,2014-01-01,48.2166666666667,0.6218458347735905,"365 days, 0:00:00",0.017211032137581565,36.13065328114425
65,358,2014-01-01,SUNPHARMA,2013-01-01,572.35,2014-01-01,369.75,0.5479377958079784,"365 days, 0:00:00",0.015717033831178423,34.86267203427502
66,415,2014-01-01,INFY,2013-01-01,433.5,2014-01-01,288.60625,0.5020464733525348,"365 days, 0:00:00",0.014696542257889357,34.16085665204872
67,424,2014-01-01,LUPIN,2013-01-01,916.5,2014-01-01,614.7,0.4909712054660809,"365 days, 0:00:00",0.015334629669143321,32.017154379282076
68,399,2014-01-01,MRF,2013-01-01,19276.95,2014-01-01,13243.25,0.4556056859154664,"365 days, 0:00:00",0.015036859787979187,30.29925744733539
69,361,2014-01-01,WIPRO,2013-01-01,207.2625,2014-01-01,148.8375,0.3925422020660115,"365 days, 0:00:00",0.013698988606099588,28.65483090417557
70,369,2014-01-01,DRREDDY,2013-01-01,2537.45,2014-01-01,1835.75,0.38224159063053237,"365 days, 0:00:00",0.014072992845033343,27.16135756193705
71,343,2014-01-01,UPL,2013-01-01,132.3,2014-01-01,88.2666666666667,0.49886706948640447,"365 days, 0:00:00",0.01921997313668288,25.95565903962041
72,365,2014-01-01,DABUR,2013-01-01,172.0,2014-01-01,129.4,0.3292117465224111,"365 days, 0:00:00",0.01269048379262091,25.941623022586157
73,335,2014-01-01,CESC,2013-01-01,46.46,2014-01-01,32.025,0.4507416081186574,"365 days, 0:00:00",0.01783585891726232,25.271651351895926
74,308,2014-01-01,RCOM,2013-01-01,138.35,2014-01-01,75.8,0.825197889182058,"365 days, 0:00:00",0.034017576698610524,24.257985702307945
75,408,2014-01-01,M_MFIN,2013-01-01,195.255539710399,2014-01-01,136.541695919263,0.4300066979236399,"365 days, 0:00:00",0.022165020523160963,19.40023910531965
76,412,2014-01-01,IDEA,2013-01-01,101.5022,2014-01-01,62.6348,0.6205400192864031,"365 days, 0:00:00",0.03299811173790475,18.805319050228935
77,293,2014-01-01,UNITDSPR,2013-01-01,521.61,2014-01-01,390.61,0.3353728783185274,"365 days, 0:00:00",0.02020041942437722,16.602273015866697
78,392,2014-01-01,BHARATFORG,2013-01-01,164.325,2014-01-01,128.45,0.279291553133515,"365 days, 0:00:00",0.01891191859830739,14.76801793967702
79,376,2014-01-01,HAVELLS,2013-01-01,158.63,2014-01-01,127.76,0.24162492172824038,"365 days, 0:00:00",0.016859717868806808,14.331492591301625
80,391,2014-01-01,BATAINDIA,2013-01-01,533.825,2014-01-01,437.6,0.2198925959780622,"365 days, 0:00:00",0.015389000328401735,14.288946083926671
81,326,2014-01-01,ARVIND,2013-01-01,138.85,2014-01-01,101.65,0.365961633054599,"365 days, 0:00:00",0.026142980093312836,13.99846657681574
82,321,2014-01-01,TATACOMM,2013-01-01,309.55,2014-01-01,242.9,0.27439275421984355,"365 days, 0:00:00",0.01977303843675337,13.877116311563567
83,382,2014-01-01,APOLLOHOSP,2013-01-01,969.3,2014-01-01,788.2,0.22976401928444545,"365 days, 0:00:00",0.017672427633646032,13.001270908983907
84,419,2014-01-01,JSWSTEEL,2013-01-01,101.54,2014-01-01,83.11,0.2217543015280954,"365 days, 0:00:00",0.019382537727827467,11.440932278425194
85,292,2014-01-01,GSKCONS,2013-01-01,4421.1,2014-01-01,3833.9,0.15315996765695514,"365 days, 0:00:00",0.013547054664284377,11.305776159650996
86,400,2014-01-01,MARUTI,2013-01-01,1764.0,2014-01-01,1514.4,0.1648177496038034,"365 days, 0:00:00",0.015471487187304052,10.652999780076303
87,341,2014-01-01,ZEEL,2013-01-01,277.0,2014-01-01,223.35,0.2402059547794941,"365 days, 0:00:00",0.02350259648525149,10.220400751475685
88,385,2014-01-01,ASIANPAINT,2013-01-01,499.75,2014-01-01,442.305,0.1298764427261731,"365 days, 0:00:00",0.013826416079451582,9.393355586860409
89,417,2014-01-01,ITC,2013-01-01,214.933333333333,2014-01-01,191.5,0.12236727589207831,"365 days, 0:00:00",0.013425745565684044,9.114374713375083
90,521,2014-07-01,AUROPHARMA,2013-07-01,366.1,2014-07-01,93.45,2.917602996254682,"365 days, 0:00:00",0.021062483158115927,138.52132126835448
91,518,2014-07-01,APOLLOTYRE,2013-07-01,203.3,2014-07-01,60.4,2.3658940397350996,"365 days, 0:00:00",0.020494247704419294,115.44185831348804
92,527,2014-07-01,BHARATFORG,2013-07-01,326.4,2014-07-01,112.1,1.9116859946476359,"365 days, 0:00:00",0.01891191859830739,101.08366238519719
93,482,2014-07-01,VOLTAS,2013-07-01,218.65,2014-07-01,82.9,1.63751507840772,"365 days, 0:00:00",0.019747559102110075,82.92240422932814
94,459,2014-07-01,ARVIND,2013-07-01,235.0,2014-07-01,79.45,1.9578351164254248,"365 days, 0:00:00",0.026142980093312836,74.88951563430304
95,478,2014-07-01,UPL,2013-07-01,223.333333333333,2014-07-01,92.8333333333333,1.4057450628366222,"365 days, 0:00:00",0.01921997313668288,73.13980372603349
96,512,2014-07-01,HCLTECH,2013-07-01,374.3875,2014-07-01,189.6,0.9746176160337553,"365 days, 0:00:00",0.014577507402455748,66.8576313581271
97,490,2014-07-01,TECHM,2013-07-01,527.225,2014-07-01,258.6125,1.0386678911498863,"365 days, 0:00:00",0.015716185251118824,66.08905879853664
98,454,2014-07-01,TATACOMM,2013-07-01,401.45,2014-07-01,177.95,1.2559707783085137,"365 days, 0:00:00",0.01977303843675337,63.519361595634344
99,468,2014-07-01,CESC,2013-07-01,68.585,2014-07-01,34.06,1.0136523781561946,"365 days, 0:00:00",0.01783585891726232,56.83227159725611
100,534,2014-07-01,MRF,2013-07-01,23649.75,2014-07-01,12918.45,0.8306956329900258,"365 days, 0:00:00",0.015036859787979187,55.243956830275366
101,445,2014-07-01,IRB,2013-07-01,23.54,2014-07-01,9.895,1.378979282465892,"365 days, 0:00:00",0.026178870725332166,52.675277590622464
102,558,2014-07-01,LT,2013-07-01,1150.9,2014-07-01,645.177777777778,0.7838494127372295,"365 days, 0:00:00",0.015189322508897526,51.60529130104849
103,539,2014-07-01,PFC,2013-07-01,152.45,2014-07-01,73.525,1.0734444066643996,"365 days, 0:00:00",0.021319007389004684,50.351519049523404
104,530,2014-07-01,BIOCON,2013-07-01,87.325,2014-07-01,47.4166666666667,0.8416520210896297,"365 days, 0:00:00",0.017211032137581565,48.90189120336485
105,466,2014-07-01,TATAMTRDVR,2013-07-01,299.913931499714,2014-07-01,141.569668044989,1.1184900384481038,"365 days, 0:00:00",0.023075054374420523,48.47182677445769
106,448,2014-07-01,JISLJALEQS,2013-07-01,122.95,2014-07-01,52.8,1.328598484848485,"365 days, 0:00:00",0.027563556856791824,48.2012714016301
107,438,2014-07-01,HDIL,2013-07-01,102.55,2014-07-01,41.6,1.4651442307692306,"365 days, 0:00:00",0.030670475654147062,47.77050891844005
108,554,2014-07-01,JSWSTEEL,2013-07-01,126.95,2014-07-01,65.925,0.9256731133864241,"365 days, 0:00:00",0.019382537727827467,47.75809681811878
109,489,2014-07-01,TATASTEEL,2013-07-01,51.5097282068832,2014-07-01,26.7433287851144,0.9260776629853956,"365 days, 0:00:00",0.019955394667812227,46.407383988207755
110,477,2014-07-01,TCS,2013-07-01,1195.375,2014-07-01,746.175,0.6020035514457065,"365 days, 0:00:00",0.013009985044444389,46.27242455615105
111,440,2014-07-01,PTC,2013-07-01,95.35,2014-07-01,50.75,0.8788177339901476,"365 days, 0:00:00",0.019763941728125373,44.46571165201995
112,471,2014-07-01,JUSTDIAL,2013-07-01,1431.9,2014-07-01,637.25,1.24699882306787,"365 days, 0:00:00",0.02821092919346786,44.20268522585949
113,479,2014-07-01,SIEMENS,2013-07-01,962.45,2014-07-01,570.0,0.6885087719298246,"365 days, 0:00:00",0.016245105999611254,42.382534896743714
114,483,2014-07-01,VEDL,2013-07-01,296.2,2014-07-01,149.05,0.987252599798725,"365 days, 0:00:00",0.02382791362590335,41.432607793469664
115,535,2014-07-01,MARUTI,2013-07-01,2583.8,2014-07-01,1605.45,0.6093930050764583,"365 days, 0:00:00",0.015471487187304052,39.38813364862093
116,446,2014-07-01,INDIACEM,2013-07-01,118.7,2014-07-01,60.05,0.9766860949208994,"365 days, 0:00:00",0.024853193032125447,39.298213861632455
117,481,2014-07-01,SAIL,2013-07-01,98.45,2014-07-01,52.3,0.8824091778202678,"365 days, 0:00:00",0.02262713415312406,38.99783206519931
118,496,2014-07-01,WIPRO,2013-07-01,201.825,2014-07-01,131.71875,0.5322419928825622,"365 days, 0:00:00",0.013698988606099588,38.85264877478452
119,514,2014-07-01,ADANIENT,2013-07-01,458.6,2014-07-01,216.15,1.121674762896137,"365 days, 0:00:00",0.029337072172764555,38.2340390442049
120,636,2015-01-01,TVSMOTOR,2014-01-01,277.55,2015-01-01,73.35,2.7839127471029315,"365 days, 0:00:00",0.01927071703797696,144.46337111466332
121,654,2015-01-01,EICHERMOT,2014-01-01,1526.235,2015-01-01,500.195,2.051280000799688,"365 days, 0:00:00",0.01726273706995066,118.82704304002651
122,671,2015-01-01,BHARATFORG,2014-01-01,468.975,2015-01-01,164.325,1.8539479689639438,"365 days, 0:00:00",0.01891191859830739,98.03066565281597
123,663,2015-01-01,ASHOKLEY,2014-01-01,52.0,2015-01-01,17.2,2.0232558139534884,"365 days, 0:00:00",0.021668048389951268,93.37508286587497
124,665,2015-01-01,AUROPHARMA,2014-01-01,563.55,2015-01-01,195.85,1.8774572376818992,"365 days, 0:00:00",0.021062483158115927,89.1375068926033
125,600,2015-01-01,STAR,2014-01-01,960.95,2015-01-01,361.7,1.6567597456455627,"365 days, 0:00:00",0.02487450146393604,66.60474172909932
126,580,2015-01-01,IRB,2014-01-01,26.385,2015-01-01,9.63,1.7398753894080998,"365 days, 0:00:00",0.026178870725332166,66.46105585159934
127,679,2015-01-01,MRF,2014-01-01,37981.35,2015-01-01,19276.95,0.970298724642643,"365 days, 0:00:00",0.015036859787979187,64.52801571098789
128,689,2015-01-01,HINDPETRO,2014-01-01,122.344444444444,2015-01-01,53.2333333333333,1.298267585055305,"365 days, 0:00:00",0.020492182591981236,63.35428543191529
129,678,2015-01-01,MOTHERSON,2014-01-01,89.9555555555555,2015-01-01,37.8271604938272,1.3780678851174897,"365 days, 0:00:00",0.021940153312871444,62.81031246527481
130,656,2015-01-01,BOSCHLTD,2014-01-01,19454.1,2015-01-01,10009.9,0.9434859489105785,"365 days, 0:00:00",0.015186045900551557,62.12847999335436
131,680,2015-01-01,MARUTI,2014-01-01,3340.75,2015-01-01,1764.0,0.8938492063492064,"365 days, 0:00:00",0.015471487187304052,57.77396804378972
132,662,2015-01-01,APOLLOTYRE,2014-01-01,223.6,2015-01-01,104.8,1.133587786259542,"365 days, 0:00:00",0.020494247704419294,55.3124858549992
133,623,2015-01-01,VOLTAS,2014-01-01,240.8,2015-01-01,117.9,1.0424088210347753,"365 days, 0:00:00",0.019747559102110075,52.78671736819318
134,659,2015-01-01,ADANIPORTS,2014-01-01,319.55,2015-01-01,156.3,1.044465770953295,"365 days, 0:00:00",0.01985686705888472,52.599726223475976
135,592,2015-01-01,BHARATFIN,2014-01-01,413.35,2015-01-01,188.0,1.1986702127659576,"365 days, 0:00:00",0.022978159673902467,52.16563161615384
136,702,2015-01-01,LICHSGFIN,2014-01-01,438.1,2015-01-01,221.7,0.9760938204781238,"365 days, 0:00:00",0.019166329998968813,50.927528667754316
137,701,2015-01-01,KOTAKBANK,2014-01-01,629.3,2015-01-01,361.275,0.7418863746453532,"365 days, 0:00:00",0.014669708027403774,50.572674879382134
138,666,2015-01-01,AXISBANK,2014-01-01,503.05,2015-01-01,258.44,0.9464866119795697,"365 days, 0:00:00",0.018746203977132895,50.48950780297273
139,563,2015-01-01,AMTEKAUTO,2014-01-01,180.3,2015-01-01,74.9,1.4072096128170895,"365 days, 0:00:00",0.02906076209546419,48.423011350990244
140,667,2015-01-01,BPCL,2014-01-01,218.066666666667,2015-01-01,116.4,0.8734249713631185,"365 days, 0:00:00",0.018434819761899212,47.37908928018375
141,683,2015-01-01,PETRONET,2014-01-01,105.675,2015-01-01,61.7,0.7127228525121555,"365 days, 0:00:00",0.015190112265617393,46.92018334356842
142,582,2015-01-01,WOCKPHARMA,2014-01-01,941.422455208274,2015-01-01,426.394082405471,1.2078694195222133,"365 days, 0:00:00",0.0265474543466681,45.498502558826694
143,653,2015-01-01,HAVELLS,2014-01-01,276.3,2015-01-01,158.63,0.7417890689024775,"365 days, 0:00:00",0.016859717868806808,43.99771542291978
144,694,2015-01-01,INDUSINDBK,2014-01-01,812.0,2015-01-01,423.35,0.9180347230423997,"365 days, 0:00:00",0.02127977685566482,43.14118184928301
145,621,2015-01-01,SBIN,2014-01-01,314.0,2015-01-01,176.505,0.7789864309792924,"365 days, 0:00:00",0.01811452444472781,43.003416035358
146,639,2015-01-01,CIPLA,2014-01-01,628.4,2015-01-01,401.75,0.5641568139390167,"365 days, 0:00:00",0.013827003725798166,40.8010893123883
147,684,2015-01-01,PFC,2014-01-01,152.925,2015-01-01,83.15,0.8391461214672279,"365 days, 0:00:00",0.021319007389004684,39.36140675573944
148,596,2015-01-01,ARVIND,2014-01-01,281.5,2015-01-01,138.85,1.0273676629456248,"365 days, 0:00:00",0.026142980093312836,39.29803179586313
149,648,2015-01-01,FEDERALBNK,2014-01-01,75.05,2015-01-01,43.15,0.7392815758980301,"365 days, 0:00:00",0.019595486687021324,37.72713521770696
150,809,2015-07-01,BRITANNIA,2014-07-01,1365.775,2015-07-01,508.1,1.6880043298563276,"365 days, 0:00:00",0.01374318860876179,122.82479546123399
151,823,2015-07-01,BAJFINANCE,2014-07-01,549.82,2015-07-01,200.965,1.735899285945314,"365 days, 0:00:00",0.019463610155228808,89.18691199119463
152,807,2015-07-01,EICHERMOT,2014-07-01,2035.235,2015-07-01,804.94,1.528430690486247,"365 days, 0:00:00",0.01726273706995066,88.53930198281213
153,737,2015-07-01,AJANTPHARM,2014-07-01,1056.0,2015-07-01,437.413333333333,1.4141925257574852,"365 days, 0:00:00",0.019069116292426143,74.16140863953791
154,839,2015-07-01,PAGEIND,2014-07-01,15074.4,2015-07-01,7152.35,1.1076149796919892,"365 days, 0:00:00",0.0171193070233775,64.69975555549478
155,778,2015-07-01,SRF,2014-07-01,247.35,2015-07-01,117.97,1.0967195049588878,"365 days, 0:00:00",0.019360940550354023,56.64598277684572
156,726,2015-07-01,WOCKPHARMA,2014-07-01,1313.19790312553,2015-07-01,541.992002486859,1.4229101114040323,"365 days, 0:00:00",0.0265474543466681,53.598740309449596
157,842,2015-07-01,PIDILITIND,2014-07-01,554.7,2015-07-01,324.5,0.7093990755007705,"365 days, 0:00:00",0.013583032868032637,52.22685407544918
158,862,2015-07-01,LUPIN,2014-07-01,1874.6,2015-07-01,1049.55,0.7860988042494402,"365 days, 0:00:00",0.015334629669143321,51.26297936175436
159,819,2015-07-01,AUROPHARMA,2014-07-01,732.2,2015-07-01,366.1,1.0,"365 days, 0:00:00",0.021062483158115927,47.47778277105346
160,817,2015-07-01,ASHOKLEY,2014-07-01,74.1,2015-07-01,36.75,1.0163265306122446,"365 days, 0:00:00",0.021668048389951268,46.90438715669355
161,803,2015-07-01,GLENMARK,2014-07-01,1018.1,2015-07-01,571.0,0.7830122591943959,"365 days, 0:00:00",0.018366576992764602,42.632454566948354
162,810,2015-07-01,BOSCHLTD,2014-07-01,22039.35,2015-07-01,13440.45,0.639777686014977,"365 days, 0:00:00",0.015186045900551557,42.12931333176994
163,859,2015-07-01,KOTAKBANK,2014-07-01,704.125,2015-07-01,442.175,0.5924125063606038,"365 days, 0:00:00",0.014669708027403774,40.383387675742874
164,795,2015-07-01,DABUR,2014-07-01,282.5,2015-07-01,187.0,0.5106951871657754,"365 days, 0:00:00",0.01269048379262091,40.24237338081055
165,847,2015-07-01,HINDPETRO,2014-07-01,164.122222222222,2015-07-01,91.8111111111111,0.7876074065109503,"365 days, 0:00:00",0.020492182591981236,38.4345299958018
166,827,2015-07-01,BHARATFORG,2014-07-01,554.25,2015-07-01,326.4,0.6980698529411766,"365 days, 0:00:00",0.01891191859830739,36.91163587197619
167,848,2015-07-01,HINDUNILVR,2014-07-01,918.3,2015-07-01,628.85,0.460284646577085,"365 days, 0:00:00",0.012575170868201339,36.602655455044385
168,836,2015-07-01,MARUTI,2014-07-01,4031.7,2015-07-01,2583.8,0.5603761901075933,"365 days, 0:00:00",0.015471487187304052,36.219930464567085
169,771,2015-07-01,UPL,2014-07-01,364.8,2015-07-01,223.333333333333,0.633432835820898,"365 days, 0:00:00",0.01921997313668288,32.957009425363864
170,792,2015-07-01,CIPLA,2014-07-01,634.9,2015-07-01,437.25,0.4520297312750142,"365 days, 0:00:00",0.013827003725798166,32.69180657206489
171,749,2015-07-01,STAR,2014-07-01,1143.55,2015-07-01,634.7,0.8017173467780051,"365 days, 0:00:00",0.02487450146393604,32.2304890387598
172,740,2015-07-01,BHARATFIN,2014-07-01,478.75,2015-07-01,278.65,0.7181051498295354,"365 days, 0:00:00",0.022978159673902467,31.25163894848925
173,835,2015-07-01,MRF,2014-07-01,34756.35,2015-07-01,23649.75,0.4696286430089112,"365 days, 0:00:00",0.015036859787979187,31.231829626046206
174,794,2015-07-01,COLPAL,2014-07-01,1027.6,2015-07-01,765.225,0.34287301120585434,"365 days, 0:00:00",0.011619393972188188,29.50868281310921
175,826,2015-07-01,BEL,2014-07-01,34.4742424242424,2015-07-01,22.1570707070707,0.5559025324246077,"365 days, 0:00:00",0.0189006119624601,29.411880077149185
176,821,2015-07-01,BPCL,2014-07-01,295.983333333333,2015-07-01,196.533333333333,0.5060210312075993,"365 days, 0:00:00",0.018434819761899212,27.449198730623635
177,820,2015-07-01,AXISBANK,2014-07-01,578.65,2015-07-01,384.01,0.506861800473946,"365 days, 0:00:00",0.018746203977132895,27.03810334573491
178,763,2015-07-01,MINDTREE,2014-07-01,646.175,2015-07-01,433.825,0.4894830864980118,"365 days, 0:00:00",0.018139982231714494,26.983658541971376
179,772,2015-07-01,SIEMENS,2014-07-01,1383.3,2015-07-01,962.45,0.4372694685438203,"365 days, 0:00:00",0.016245105999611254,26.916996943835528
180,974,2016-01-01,BRITANNIA,2015-01-01,1493.2,2016-01-01,915.75,0.6305760305760306,"365 days, 0:00:00",0.01374318860876179,45.88280409496928
181,988,2016-01-01,BAJFINANCE,2015-01-01,609.585,2016-01-01,349.97,0.7418207274909278,"365 days, 0:00:00",0.019463610155228808,38.113213405666215
182,982,2016-01-01,ASHOKLEY,2015-01-01,88.8,2016-01-01,52.0,0.7076923076923076,"365 days, 0:00:00",0.021668048389951268,32.660639064314886
183,1011,2016-01-01,MARICO,2015-01-01,227.15,2016-01-01,161.925,0.40280994287478766,"365 days, 0:00:00",0.013230614923421294,30.445292619144972
184,890,2016-01-01,JETAIRWAYS,2015-01-01,760.75,2016-01-01,384.5,0.9785435630689207,"365 days, 0:00:00",0.03423701308141033,28.58145249826833
185,888,2016-01-01,BEML,2015-01-01,1300.7,2016-01-01,789.7,0.6470811700645814,"365 days, 0:00:00",0.023834233208025912,27.149233810747646
186,1013,2016-01-01,HINDPETRO,2015-01-01,189.744444444444,2016-01-01,122.344444444444,0.5509036418127349,"365 days, 0:00:00",0.020492182591981236,26.88360009188617
187,984,2016-01-01,AUROPHARMA,2015-01-01,881.4,2016-01-01,563.55,0.5640138408304499,"365 days, 0:00:00",0.021062483158115927,26.778126614815623
188,1001,2016-01-01,MARUTI,2015-01-01,4638.5,2016-01-01,3340.75,0.38846067499812914,"365 days, 0:00:00",0.015471487187304052,25.108166415760028
189,969,2016-01-01,GODREJCP,2015-01-01,447.35,2016-01-01,321.966666666667,0.38942954757221115,"365 days, 0:00:00",0.016679196073906315,23.348220492560326
190,940,2016-01-01,SRF,2015-01-01,252.62,2016-01-01,175.28,0.44123687813783663,"365 days, 0:00:00",0.019360940550354023,22.79005387110537
191,896,2016-01-01,AJANTPHARM,2015-01-01,887.966666666667,2016-01-01,628.826666666667,0.41210084389974955,"365 days, 0:00:00",0.019069116292426143,21.61090412267439
192,883,2016-01-01,WOCKPHARMA,2015-01-01,1478.39046515571,2016-01-01,941.422455208274,0.5703794369645038,"365 days, 0:00:00",0.0265474543466681,21.485278005048745
193,991,2016-01-01,BEL,2015-01-01,41.6893939393939,2016-01-01,29.690404040404,0.4041369690577855,"365 days, 0:00:00",0.0189006119624601,21.38221608170528
194,960,2016-01-01,DIVISLAB,2015-01-01,1162.5,2016-01-01,872.725,0.33203471884041363,"365 days, 0:00:00",0.01618736541541116,20.51196784155502
195,934,2016-01-01,SIEMENS,2015-01-01,1202.65,2016-01-01,906.7,0.32640344104996144,"365 days, 0:00:00",0.016245105999611254,20.092416821273574
196,986,2016-01-01,BPCL,2015-01-01,298.683333333333,2016-01-01,218.066666666667,0.3696881687557285,"365 days, 0:00:00",0.018434819761899212,20.053798926735052
197,879,2016-01-01,GODREJIND,2015-01-01,384.2,2016-01-01,291.916466826539,0.3161299332534645,"365 days, 0:00:00",0.016344401534507103,19.341787007987747
198,943,2016-01-01,TORNTPHARM,2015-01-01,739.45,2016-01-01,572.75,0.29105194238323884,"365 days, 0:00:00",0.015256356540374091,19.077421376001883
199,1028,2016-01-01,LUPIN,2015-01-01,1845.25,2016-01-01,1429.2,0.2911069129582983,"365 days, 0:00:00",0.015334629669143321,18.983628508751668
200,912,2016-01-01,DISHTV,2015-01-01,102.15,2016-01-01,67.7,0.5088626292466766,"365 days, 0:00:00",0.028323050137015526,17.96637815436557
201,1020,2016-01-01,IOC,2015-01-01,72.2083333333333,2016-01-01,56.075,0.28770991231980914,"365 days, 0:00:00",0.016389004077119167,17.55505770612892
202,980,2016-01-01,APOLLOHOSP,2015-01-01,1460.8,2016-01-01,1125.9,0.29745092814637164,"365 days, 0:00:00",0.017672427633646032,16.831356410822885
203,937,2016-01-01,VOLTAS,2015-01-01,319.25,2016-01-01,240.8,0.3257890365448504,"365 days, 0:00:00",0.019747559102110075,16.497686365199385
204,933,2016-01-01,UPL,2015-01-01,293.566666666667,2016-01-01,227.733333333333,0.2890807962529307,"365 days, 0:00:00",0.01921997313668288,15.040645176615596
205,959,2016-01-01,DABUR,2015-01-01,276.4,2016-01-01,232.4,0.18932874354561088,"365 days, 0:00:00",0.01269048379262091,14.918953968933728
206,1005,2016-01-01,PETRONET,2015-01-01,129.5,2016-01-01,105.675,0.2254554057251006,"365 days, 0:00:00",0.015190112265617393,14.842247495129826
207,908,2016-01-01,STAR,2015-01-01,1305.3,2016-01-01,960.95,0.35834330610333515,"365 days, 0:00:00",0.02487450146393604,14.406049770399393
208,870,2016-01-01,ABIRLANUVO,2015-01-01,2169.2,2016-01-01,1688.45,0.2847285972341495,"365 days, 0:00:00",0.019802112021815456,14.378698439867001
209,995,2016-01-01,BIOCON,2015-01-01,86.8666666666667,2016-01-01,70.8416666666667,0.22620868133160804,"365 days, 0:00:00",0.017211032137581565,13.1432374028089
210,1178,2016-07-01,PETRONET,2015-07-01,149.275,2016-07-01,96.4,0.5484958506224066,"366 days, 0:00:00",0.015190112265617393,36.10874238657994
211,1167,2016-07-01,BIOCON,2015-07-01,123.283333333333,2016-07-01,77.3166666666667,0.5945246820435388,"366 days, 0:00:00",0.017211032137581565,34.54323234603403
212,1196,2016-07-01,JSWSTEEL,2015-07-01,146.33,2016-07-01,89.15,0.6413909141895682,"366 days, 0:00:00",0.019382537727827467,33.091173261008265
213,1042,2016-07-01,GRANULES,2015-07-01,140.95,2016-07-01,83.85,0.6809779367918902,"366 days, 0:00:00",0.023698476090562737,28.735093943997136
214,1058,2016-07-01,JETAIRWAYS,2015-07-01,546.35,2016-07-01,278.65,0.9607033913511576,"366 days, 0:00:00",0.03423701308141033,28.060373989598723
215,1077,2016-07-01,BSOFT,2015-07-01,157.15,2016-07-01,94.25,0.6673740053050399,"366 days, 0:00:00",0.02396598902837589,27.84671246051497
216,1160,2016-07-01,BAJFINANCE,2015-07-01,816.72,2016-07-01,549.82,0.48543159579498735,"366 days, 0:00:00",0.019463610155228808,24.94047054598339
217,1068,2016-07-01,BHARATFIN,2015-07-01,734.85,2016-07-01,478.75,0.534934725848564,"366 days, 0:00:00",0.022978159673902467,23.280137897906517
218,1155,2016-07-01,ASIANPAINT,2015-07-01,1002.5,2016-07-01,760.8,0.3176919032597267,"366 days, 0:00:00",0.013826416079451582,22.977169313736418
219,1180,2016-07-01,PIDILITIND,2015-07-01,719.95,2016-07-01,554.7,0.29790877952046146,"366 days, 0:00:00",0.013583032868032637,21.93241983692634
220,1141,2016-07-01,GODREJCP,2015-07-01,542.866666666667,2016-07-01,401.883333333333,0.3508066188363144,"366 days, 0:00:00",0.016679196073906315,21.03258558037651
221,1142,2016-07-01,GRASIM,2015-07-01,928.65,2016-07-01,703.3,0.32041802929048774,"366 days, 0:00:00",0.015615907331853604,20.51869433400731
222,1080,2016-07-01,TATAELXSI,2015-07-01,874.975,2016-07-01,607.725,0.43975482331646715,"366 days, 0:00:00",0.021816266710961343,20.157198715191594
223,1190,2016-07-01,IGL,2015-07-01,123.13,2016-07-01,91.06,0.3521853722820118,"366 days, 0:00:00",0.017856743423603976,19.7228220133619
224,1186,2016-07-01,HINDPETRO,2015-07-01,226.955555555556,2016-07-01,164.122222222222,0.3828447633877237,"366 days, 0:00:00",0.020492182591981236,18.682478631511614
225,1169,2016-07-01,HEROMOTOCO,2015-07-01,3186.05,2016-07-01,2520.6,0.2640046020788702,"366 days, 0:00:00",0.014766099503017787,17.879102197903713
226,1097,2016-07-01,SRTRANSFIN,2015-07-01,1195.18999458577,2016-07-01,867.807417501171,0.3772525683489645,"366 days, 0:00:00",0.022738988368351355,16.590560768922916
227,1055,2016-07-01,NHPC,2015-07-01,24.95,2016-07-01,19.65,0.26972010178117056,"366 days, 0:00:00",0.016348805424070984,16.4978476888624
228,1143,2016-07-01,HAVELLS,2015-07-01,366.8,2016-07-01,287.6,0.2753824756606397,"366 days, 0:00:00",0.016859717868806808,16.333753494780694
229,1154,2016-07-01,ASHOKLEY,2015-07-01,99.4,2016-07-01,74.1,0.34143049932523634,"366 days, 0:00:00",0.021668048389951268,15.757325864362453
230,1174,2016-07-01,COFORGE,2015-07-01,516.95,2016-07-01,388.0,0.33234536082474236,"366 days, 0:00:00",0.021340184245739403,15.573687508864671
231,1194,2016-07-01,ITC,2015-07-01,252.35,2016-07-01,209.066666666667,0.20703124999999803,"366 days, 0:00:00",0.013425745565684044,15.420465775037927
232,1184,2016-07-01,MARICO,2015-07-01,268.25,2016-07-01,223.775,0.1987487431571891,"366 days, 0:00:00",0.013230614923421294,15.021882528328836
233,1122,2016-07-01,SUNTV,2015-07-01,370.15,2016-07-01,280.2,0.3210206995003569,"366 days, 0:00:00",0.021630586635495802,14.841053777689126
234,1123,2016-07-01,TVSMOTOR,2015-07-01,311.6,2016-07-01,245.95,0.2669241715795895,"366 days, 0:00:00",0.01927071703797696,13.851283844475523
235,1191,2016-07-01,INDUSINDBK,2015-07-01,1123.35,2016-07-01,875.55,0.283022100394038,"366 days, 0:00:00",0.02127977685566482,13.300050198538413
236,1132,2016-07-01,DIVISLAB,2015-07-01,1133.6,2016-07-01,932.925,0.21510303614974405,"366 days, 0:00:00",0.01618736541541116,13.288328929978654
237,1070,2016-07-01,RELINFRA,2015-07-01,544.05,2016-07-01,390.0,0.3949999999999999,"366 days, 0:00:00",0.02994097894459468,13.19262141464851
238,1185,2016-07-01,M_MFIN,2015-07-01,216.44251864853,2016-07-01,168.245952172005,0.28646493930059974,"366 days, 0:00:00",0.022165020523160963,12.924190122055743
239,1193,2016-07-01,IOC,2015-07-01,79.05,2016-07-01,65.275,0.21103025660666397,"366 days, 0:00:00",0.016389004077119167,12.876331936562586
240,1283,2017-01-01,VEDL,2016-01-01,216.15,2017-01-01,91.65,1.3584288052373157,"366 days, 0:00:00",0.02382791362590335,57.00997689367844
241,1341,2017-01-01,BIOCON,2016-01-01,158.308333333333,2017-01-01,86.8666666666667,0.8224290099769715,"366 days, 0:00:00",0.017211032137581565,47.78499066195669
242,1207,2017-01-01,CAIRN,2016-01-01,242.15,2017-01-01,138.6,0.7471139971139972,"366 days, 0:00:00",0.015684659897223677,47.6334202978952
243,1365,2017-01-01,IGL,2016-01-01,183.65,2017-01-01,105.39,0.7425751968877503,"366 days, 0:00:00",0.017856743423603976,41.58514121372073
244,1242,2017-01-01,HINDZINC,2016-01-01,255.4,2017-01-01,149.15,0.7123700972175662,"366 days, 0:00:00",0.01768432245291494,40.28257792257938
245,1344,2017-01-01,HINDALCO,2016-01-01,155.05,2017-01-01,84.9,0.826266195524146,"366 days, 0:00:00",0.021533651338572116,38.370928484576055
246,1368,2017-01-01,IOC,2016-01-01,108.35,2017-01-01,72.2083333333333,0.5005193306405084,"366 days, 0:00:00",0.016389004077119167,30.53994789953636
247,1371,2017-01-01,JSWSTEEL,2016-01-01,162.75,2017-01-01,102.7,0.5847127555988315,"366 days, 0:00:00",0.019382537727827467,30.166986583978666
248,1352,2017-01-01,PETRONET,2016-01-01,183.725,2017-01-01,129.5,0.4187258687258687,"366 days, 0:00:00",0.015190112265617393,27.56568624404764
249,1360,2017-01-01,HINDPETRO,2016-01-01,294.2,2017-01-01,189.744444444444,0.5505065292498718,"366 days, 0:00:00",0.020492182591981236,26.86422135752829
250,1291,2017-01-01,TATASTEEL,2016-01-01,37.2758367907945,2017-01-01,24.5234514759118,0.5200077700077721,"366 days, 0:00:00",0.019955394667812227,26.05850591602367
251,1278,2017-01-01,UPL,2016-01-01,431.333333333333,2017-01-01,293.566666666667,0.46928579539002774,"366 days, 0:00:00",0.01921997313668288,24.416568746100776
252,1356,2017-01-01,POWERGRID,2016-01-01,137.625,2017-01-01,105.75,0.30141843971631205,"366 days, 0:00:00",0.012849515615869403,23.457572155019943
253,1332,2017-01-01,BPCL,2016-01-01,423.666666666667,2017-01-01,298.683333333333,0.4184476312705792,"366 days, 0:00:00",0.018434819761899212,22.69876444007443
254,1239,2017-01-01,TATACOMM,2016-01-01,627.6,2017-01-01,434.3,0.44508404328804974,"366 days, 0:00:00",0.01977303843675337,22.509643356619613
255,1334,2017-01-01,BAJFINANCE,2016-01-01,842.2,2017-01-01,609.585,0.3815956757466145,"366 days, 0:00:00",0.019463610155228808,19.60559591480004
256,1357,2017-01-01,NMDC,2016-01-01,123.4,2017-01-01,91.25,0.35232876712328776,"366 days, 0:00:00",0.01944719694920339,18.117200542761
257,1262,2017-01-01,YESBANK,2016-01-01,231.29,2017-01-01,146.49,0.5788791043757252,"366 days, 0:00:00",0.03223283828831844,17.959296640206762
258,1238,2017-01-01,AJANTPHARM,2016-01-01,1188.53333333333,2017-01-01,887.966666666667,0.3384886820075784,"366 days, 0:00:00",0.019069116292426143,17.75062235799669
259,1223,2017-01-01,DCBBANK,2016-01-01,107.95,2017-01-01,82.1,0.3148599269183923,"366 days, 0:00:00",0.020358688816134344,15.465628939171394
260,1228,2017-01-01,NHPC,2016-01-01,26.45,2017-01-01,21.2,0.24764150943396226,"366 days, 0:00:00",0.016348805424070984,15.14737639909458
261,1318,2017-01-01,EICHERMOT,2016-01-01,2180.305,2017-01-01,1737.085,0.2551515901639815,"366 days, 0:00:00",0.01726273706995066,14.780482905467247
262,1310,2017-01-01,EXIDEIND,2016-01-01,180.1,2017-01-01,147.45,0.22143099355713808,"366 days, 0:00:00",0.015504923050172967,14.28133456971061
263,1346,2017-01-01,MRF,2016-01-01,48905.65,2017-01-01,40552.15,0.20599401018195088,"366 days, 0:00:00",0.015036859787979187,13.69927053164566
264,1297,2017-01-01,TVSMOTOR,2016-01-01,360.5,2017-01-01,286.65,0.2576312576312577,"366 days, 0:00:00",0.01927071703797696,13.369054048354384
265,1261,2017-01-01,CESC,2016-01-01,63.85,2017-01-01,51.745,0.23393564595613112,"366 days, 0:00:00",0.01783585891726232,13.116029177025952
266,1298,2017-01-01,TATACHEM,2016-01-01,503.0,2017-01-01,408.9,0.23012961604304238,"366 days, 0:00:00",0.018155028474318144,12.675805844567009
267,1285,2017-01-01,SRF,2016-01-01,309.29,2017-01-01,252.62,0.22432903174728847,"366 days, 0:00:00",0.019360940550354023,11.586680469569776
268,1248,2017-01-01,ENGINERSIN,2016-01-01,151.0,2017-01-01,124.45,0.21333869023704297,"366 days, 0:00:00",0.018678944615226872,11.421346046667518
269,1312,2017-01-01,GAIL,2016-01-01,82.35,2017-01-01,69.328125,0.1878296146044624,"366 days, 0:00:00",0.01666416694958354,11.2714674050452
270,1510,2017-07-01,ESCORTS,2016-07-01,645.15,2017-07-01,223.15,1.891104638135783,"365 days, 0:00:00",0.0224233400171296,84.33643858101128
271,1536,2017-07-01,BALKRISIND,2016-07-01,831.55,2017-07-01,335.55,1.478170168380271,"365 days, 0:00:00",0.018086860879876324,81.72618666099778
272,1423,2017-07-01,CANFINHOME,2016-07-01,646.51,2017-07-01,243.85,1.6512610211195407,"365 days, 0:00:00",0.022029881367304733,74.95551127071575
273,1552,2017-07-01,MRF,2016-07-01,68325.9,2017-07-01,33656.65,1.0300861791057634,"365 days, 0:00:00",0.015036859787979187,68.50407556032664
274,1493,2017-07-01,SUNTV,2016-07-01,816.4,2017-07-01,370.15,1.2055923274348237,"365 days, 0:00:00",0.021630586635495802,55.7355354133783
275,1550,2017-07-01,MGL,2016-07-01,988.6,2017-07-01,520.3,0.9000576590428601,"365 days, 0:00:00",0.016298094747229645,55.22471632433307
276,1424,2017-07-01,CEATLTD,2016-07-01,1795.0,2017-07-01,863.15,1.0795921913919946,"365 days, 0:00:00",0.02123049543342944,50.85101262837577
277,1408,2017-07-01,DCBBANK,2016-07-01,198.6,2017-07-01,99.9,0.9879879879879878,"365 days, 0:00:00",0.020358688816134344,48.529057883384084
278,1556,2017-07-01,MARUTI,2016-07-01,7217.6,2017-07-01,4165.4,0.7327507562298942,"365 days, 0:00:00",0.015471487187304052,47.36136528821816
279,1392,2017-07-01,DALMIABHA,2016-07-01,2469.7,2017-07-01,1218.45,1.026919446838196,"365 days, 0:00:00",0.021741916135785713,47.23224210896281
280,1512,2017-07-01,FEDERALBNK,2016-07-01,112.85,2017-07-01,59.0,0.9127118644067795,"365 days, 0:00:00",0.019595486687021324,46.57765734449943
281,1398,2017-07-01,JPASSOCIAT,2016-07-01,21.8,2017-07-01,8.55,1.5497076023391811,"365 days, 0:00:00",0.03448881005371228,44.933634994239966
282,1481,2017-07-01,RECLTD,2016-07-01,128.9625,2017-07-01,67.3875,0.9137451307735114,"365 days, 0:00:00",0.020548491625089607,44.46774719258873
283,1405,2017-07-01,VGUARD,2016-07-01,172.55,2017-07-01,99.6857142857143,0.7309400974491257,"365 days, 0:00:00",0.017137480437335244,42.65154963250722
284,1561,2017-07-01,PEL,2016-07-01,2713.97410402508,2017-07-01,1418.75650481995,0.912924518622385,"365 days, 0:00:00",0.021968482008322125,41.55610379800252
285,1545,2017-07-01,BAJAJFINSV,2016-07-01,411.87,2017-07-01,235.48,0.7490657380669272,"365 days, 0:00:00",0.01803516452276741,41.53362377822028
286,1410,2017-07-01,INDIANB,2016-07-01,282.5,2017-07-01,141.55,0.9957612151183326,"365 days, 0:00:00",0.02450947317033986,40.627605832154444
287,1577,2017-07-01,IGL,2016-07-01,211.33,2017-07-01,123.13,0.716316088686754,"365 days, 0:00:00",0.017856743423603976,40.1145982609511
288,1494,2017-07-01,TVSMOTOR,2016-07-01,549.2,2017-07-01,311.6,0.7625160462130938,"365 days, 0:00:00",0.01927071703797696,39.568639024193914
289,1525,2017-07-01,ADANIPORTS,2016-07-01,363.05,2017-07-01,204.3,0.7770435633871757,"365 days, 0:00:00",0.01985686705888472,39.13223375484587
290,1581,2017-07-01,IOC,2016-07-01,128.4,2017-07-01,79.05,0.6242884250474384,"365 days, 0:00:00",0.016389004077119167,38.09190736116864
291,1402,2017-07-01,GODREJIND,2016-07-01,637.8,2017-07-01,398.45,0.6007027230518257,"365 days, 0:00:00",0.016344401534507103,36.75281237943112
292,1464,2017-07-01,CADILAHC,2016-07-01,525.15,2017-07-01,328.25,0.5998476770753998,"365 days, 0:00:00",0.016440139154902556,36.48677614121784
293,1480,2017-07-01,VEDL,2016-07-01,249.05,2017-07-01,135.2,0.8420857988165683,"365 days, 0:00:00",0.02382791362590335,35.34030767599963
294,1535,2017-07-01,BAJFINANCE,2016-07-01,1373.1,2017-07-01,816.72,0.681237143696738,"365 days, 0:00:00",0.019463610155228808,35.00055427865867
295,1488,2017-07-01,TATASTEEL,2016-07-01,51.9956240985971,2017-07-01,31.2593023669257,0.6633648277964043,"365 days, 0:00:00",0.019955394667812227,33.24238076164951
296,1546,2017-07-01,HDFCBANK,2016-07-01,826.025,2017-07-01,587.25,0.40659855257556404,"365 days, 0:00:00",0.012286811221578804,33.09227636390086
297,1574,2017-07-01,ICICIPRULI,2016-07-01,471.6,2017-07-01,297.55,0.5849437069400101,"365 days, 0:00:00",0.017888467312625597,32.69948714539448
298,1419,2017-07-01,MRPL,2016-07-01,118.25,2017-07-01,67.95,0.7402501839587932,"365 days, 0:00:00",0.02322582628393737,31.87185570533346
299,1415,2017-07-01,BEML,2016-07-01,1533.25,2017-07-01,876.4,0.7494865358283889,"365 days, 0:00:00",0.023834233208025912,31.44580021882171
300,1697,2018-01-01,TITAN,2017-01-01,852.45,2018-01-01,326.8,1.6084761321909427,"365 days, 0:00:00",0.01745073316827433,92.17240998877766
301,1664,2018-01-01,TATACONSUM,2017-01-01,312.9,2018-01-01,122.0,1.5647540983606556,"365 days, 0:00:00",0.016988403378134898,92.1071900361507
302,1794,2018-01-01,JINDALSTEL,2017-01-01,206.2,2018-01-01,69.2,1.9797687861271676,"365 days, 0:00:00",0.02727011612390084,72.59847288996335
303,1721,2018-01-01,ESCORTS,2017-01-01,774.35,2018-01-01,296.7,1.6098752949106843,"365 days, 0:00:00",0.0224233400171296,71.7946253181226
304,1747,2018-01-01,BALKRISIND,2017-01-01,1195.45,2018-01-01,551.25,1.1686167800453515,"365 days, 0:00:00",0.018086860879876324,64.61136555462588
305,1603,2018-01-01,DALMIABHA,2017-01-01,3193.85,2018-01-01,1351.25,1.3636262719703978,"365 days, 0:00:00",0.021741916135785713,62.7187715863719
306,1616,2018-01-01,VGUARD,2017-01-01,239.75,2018-01-01,115.928571428571,1.0680837954405498,"365 days, 0:00:00",0.017137480437335244,62.32443557535166
307,1609,2018-01-01,JPASSOCIAT,2017-01-01,25.1,2018-01-01,8.05,2.1180124223602483,"365 days, 0:00:00",0.03448881005371228,61.411583034082426
308,1705,2018-01-01,TVSMOTOR,2017-01-01,766.45,2018-01-01,360.5,1.1260748959778086,"365 days, 0:00:00",0.01927071703797696,58.43450940401665
309,1796,2018-01-01,JUBLFOOD,2017-01-01,177.66,2018-01-01,85.345,1.0816685218817739,"365 days, 0:00:00",0.019670741122370744,54.98870200938366
310,1746,2018-01-01,BAJFINANCE,2017-01-01,1725.65,2018-01-01,842.2,1.0489788648777012,"365 days, 0:00:00",0.019463610155228808,53.894362685634555
311,1767,2018-01-01,MARUTI,2017-01-01,9651.9,2018-01-01,5319.55,0.8144203927023901,"365 days, 0:00:00",0.015471487187304052,52.640084488497386
312,1718,2018-01-01,DLF,2017-01-01,256.7,2018-01-01,111.4,1.3043087971274683,"365 days, 0:00:00",0.024969742484145466,52.2355726317818
313,1593,2018-01-01,RAYMOND,2017-01-01,1051.2,2018-01-01,493.65,1.1294439380127623,"365 days, 0:00:00",0.02229668145589182,50.65524841654455
314,1783,2018-01-01,HINDUNILVR,2017-01-01,1344.5,2018-01-01,826.35,0.6270345495250196,"365 days, 0:00:00",0.012575170868201339,49.86290493360954
315,1771,2018-01-01,PAGEIND,2017-01-01,25212.95,2018-01-01,13650.8,0.8469943153514814,"365 days, 0:00:00",0.0171193070233775,49.47596968702395
316,1690,2018-01-01,VOLTAS,2017-01-01,648.95,2018-01-01,328.25,0.9769992383853772,"365 days, 0:00:00",0.019747559102110075,49.474430400918884
317,1788,2018-01-01,IGL,2017-01-01,339.75,2018-01-01,183.65,0.8499863871494691,"365 days, 0:00:00",0.017856743423603976,47.60030241717606
318,1704,2018-01-01,SUNTV,2017-01-01,998.0,2018-01-01,492.4,1.0268074735987003,"365 days, 0:00:00",0.021630586635495802,47.47016301045247
319,1732,2018-01-01,BRITANNIA,2017-01-01,2369.125,2018-01-01,1443.15,0.6416346187160031,"365 days, 0:00:00",0.01374318860876179,46.687463657956165
320,1694,2018-01-01,RELIANCE,2017-01-01,901.207159983945,2018-01-01,536.117960959946,0.6809866962305992,"365 days, 0:00:00",0.01483391740855601,45.907407832661576
321,1749,2018-01-01,BATAINDIA,2017-01-01,755.3,2018-01-01,450.4,0.6769538188277087,"365 days, 0:00:00",0.015389000328401735,43.98946028861483
322,1757,2018-01-01,HDFCBANK,2017-01-01,927.25,2018-01-01,603.1,0.5374730558779638,"365 days, 0:00:00",0.012286811221578804,43.7439011786901
323,1756,2018-01-01,BAJAJFINSV,2017-01-01,517.185,2018-01-01,289.485,0.7865692522928647,"365 days, 0:00:00",0.01803516452276741,43.61308993327494
324,1753,2018-01-01,BHARTIARTL,2017-01-01,476.992432547347,2018-01-01,276.174913824771,0.7271388843448388,"365 days, 0:00:00",0.01676757239657634,43.36578170930149
325,1594,2018-01-01,UNITDSPR,2017-01-01,728.76,2018-01-01,388.56,0.8755404570722668,"365 days, 0:00:00",0.02020041942437722,43.34268703429457
326,1699,2018-01-01,TATASTEEL,2017-01-01,68.8066692148545,2018-01-01,37.2758367907945,0.8458785942492035,"365 days, 0:00:00",0.019955394667812227,42.38846729569293
327,1631,2018-01-01,PCJEWELLER,2017-01-01,469.25,2018-01-01,198.0,1.369949494949495,"365 days, 0:00:00",0.03287277993524134,41.674281811525084
328,1628,2018-01-01,JETAIRWAYS,2017-01-01,841.75,2018-01-01,347.6,1.4216052934407364,"365 days, 0:00:00",0.03423701308141033,41.5224683899959
329,1619,2018-01-01,DCBBANK,2017-01-01,197.9,2018-01-01,107.95,0.8332561371005095,"365 days, 0:00:00",0.020358688816134344,40.92877221248898
330,2002,2018-07-01,JUBLFOOD,2017-07-01,277.29,2018-07-01,94.64,1.9299450549450552,"365 days, 0:00:00",0.019670741122370744,98.11247288238704
331,1859,2018-07-01,BSOFT,2017-07-01,271.75,2018-07-01,122.75,1.2138492871690427,"365 days, 0:00:00",0.02396598902837589,50.64882929437367
332,1961,2018-07-01,BIOCON,2017-07-01,309.775,2018-07-01,165.525,0.8714695665307354,"365 days, 0:00:00",0.017211032137581565,50.6343582165428
333,1938,2018-07-01,BRITANNIA,2017-07-01,3106.875,2018-07-01,1845.025,0.6839202720830341,"365 days, 0:00:00",0.01374318860876179,49.764308091283105
334,1882,2018-07-01,MINDTREE,2017-07-01,986.9,2018-07-01,529.0,0.8655954631379962,"365 days, 0:00:00",0.018139982231714494,47.71754746400238
335,1870,2018-07-01,TATACONSUM,2017-07-01,269.35,2018-07-01,150.65,0.7879190175904415,"365 days, 0:00:00",0.016988403378134898,46.379815692658966
336,1906,2018-07-01,TECHM,2017-07-01,655.45,2018-07-01,382.0,0.7158376963350787,"365 days, 0:00:00",0.015716185251118824,45.54780214773294
337,1890,2018-07-01,TCS,2017-07-01,1847.75,2018-07-01,1181.175,0.5643321269075285,"365 days, 0:00:00",0.013009985044444389,43.376846705024725
338,1974,2018-07-01,COFORGE,2017-07-01,1097.9,2018-07-01,577.45,0.9012901549917742,"365 days, 0:00:00",0.021340184245739403,42.23441300286421
339,1989,2018-07-01,HINDUNILVR,2017-07-01,1641.15,2018-07-01,1079.6,0.5201463505001854,"365 days, 0:00:00",0.012575170868201339,41.36296484173208
340,1955,2018-07-01,BATAINDIA,2017-07-01,859.4,2018-07-01,537.25,0.5996277338296881,"365 days, 0:00:00",0.015389000328401735,38.96469692856028
341,1903,2018-07-01,TITAN,2017-07-01,878.5,2018-07-01,524.45,0.6750881876251309,"365 days, 0:00:00",0.01745073316827433,38.68537677559877
342,1977,2018-07-01,PAGEIND,2017-07-01,27814.25,2018-07-01,16736.75,0.6618668498961865,"365 days, 0:00:00",0.0171193070233775,38.662011785428305
343,1923,2018-07-01,DIVISLAB,2017-07-01,1038.6,2018-07-01,647.25,0.6046349942062571,"365 days, 0:00:00",0.01618736541541116,37.35227930485928
344,1972,2018-07-01,NESTLEIND,2017-07-01,9810.1,2018-07-01,6736.8,0.45619581997387487,"365 days, 0:00:00",0.012280867756392257,37.14687178651708
345,1952,2018-07-01,BAJFINANCE,2017-07-01,2296.35,2018-07-01,1373.1,0.6723836574175225,"365 days, 0:00:00",0.019463610155228808,34.54568048039586
346,1863,2018-07-01,TATAELXSI,2017-07-01,1334.7,2018-07-01,792.35,0.6844828674197009,"365 days, 0:00:00",0.021816266710961343,31.374885377422984
347,2001,2018-07-01,JSWSTEEL,2017-07-01,326.8,2018-07-01,203.4,0.6066863323500492,"365 days, 0:00:00",0.019382537727827467,31.300665623316753
348,2000,2018-07-01,JINDALSTEL,2017-07-01,223.05,2018-07-01,123.2,0.8104707792207793,"365 days, 0:00:00",0.02727011612390084,29.720107370956285
349,2003,2018-07-01,KOTAKBANK,2017-07-01,1342.95,2018-07-01,955.75,0.405126863719592,"365 days, 0:00:00",0.014669708027403774,27.616559440910073
350,1900,2018-07-01,RELIANCE,2017-07-01,963.318387168329,2018-07-01,683.520681933412,0.4093478260869576,"365 days, 0:00:00",0.01483391740855601,27.595396065158827
351,1997,2018-07-01,INFY,2017-07-01,653.6,2018-07-01,467.775,0.3972529528085085,"365 days, 0:00:00",0.014696542257889357,27.030368493327487
352,1922,2018-07-01,DABUR,2017-07-01,391.45,2018-07-01,292.1,0.34012324546388206,"365 days, 0:00:00",0.01269048379262091,26.80144043536404
353,1849,2018-07-01,BHARATFIN,2017-07-01,1156.5,2018-07-01,720.65,0.6048012211198225,"365 days, 0:00:00",0.022978159673902467,26.32069885939246
354,1907,2018-07-01,UBL,2017-07-01,1151.4,2018-07-01,781.65,0.4730378046440224,"365 days, 0:00:00",0.018815966878725766,25.140233701137177
355,1981,2018-07-01,PIDILITIND,2017-07-01,1063.5,2018-07-01,805.6,0.32013406156901686,"365 days, 0:00:00",0.013583032868032637,23.568673114415056
356,1962,2018-07-01,BAJAJFINSV,2017-07-01,582.11,2018-07-01,411.87,0.4133343045135601,"365 days, 0:00:00",0.01803516452276741,22.9182441885557
357,1963,2018-07-01,HDFCBANK,2017-07-01,1054.225,2018-07-01,826.025,0.27626282497503096,"365 days, 0:00:00",0.012286811221578804,22.484501470148928
358,2007,2018-07-01,M_M,2017-07-01,897.7,2018-07-01,674.3,0.3313065401156757,"365 days, 0:00:00",0.015751311336231477,21.033584635813643
359,1805,2018-07-01,UNITDSPR,2017-07-01,664.95,2018-07-01,479.67,0.38626555757083,"365 days, 0:00:00",0.02020041942437722,19.121660271305903
360,2174,2019-01-01,COFORGE,2018-01-01,1151.5,2019-01-01,653.8,0.7612419700214134,"365 days, 0:00:00",0.021340184245739403,35.671761839328845
361,2090,2019-01-01,TCS,2018-01-01,1902.8,2019-01-01,1322.8,0.4384638645297853,"365 days, 0:00:00",0.013009985044444389,33.702103655916275
362,2172,2019-01-01,NESTLEIND,2018-01-01,11015.05,2019-01-01,7863.2,0.4008355376945772,"365 days, 0:00:00",0.012280867756392257,32.63902402059009
363,2155,2019-01-01,BATAINDIA,2018-01-01,1126.05,2019-01-01,755.3,0.4908645571296174,"365 days, 0:00:00",0.015389000328401735,31.8971048576615
364,2152,2019-01-01,BAJFINANCE,2018-01-01,2656.85,2019-01-01,1725.65,0.5396227508475065,"365 days, 0:00:00",0.019463610155228808,27.72469991660511
365,2106,2019-01-01,TECHM,2018-01-01,719.1,2019-01-01,503.1,0.4293381037567084,"365 days, 0:00:00",0.015716185251118824,27.318213478435812
366,2189,2019-01-01,HINDUNILVR,2018-01-01,1801.1,2019-01-01,1344.5,0.33960580141316465,"365 days, 0:00:00",0.012575170868201339,27.006058603300666
367,2082,2019-01-01,MINDTREE,2018-01-01,863.4,2019-01-01,606.9,0.4226396440929313,"365 days, 0:00:00",0.018139982231714494,23.29879041193447
368,2138,2019-01-01,BRITANNIA,2018-01-01,3103.05,2019-01-01,2369.125,0.309787368754287,"365 days, 0:00:00",0.01374318860876179,22.541156755775447
369,2123,2019-01-01,DIVISLAB,2018-01-01,1475.45,2019-01-01,1099.05,0.34247759428597435,"365 days, 0:00:00",0.01618736541541116,21.157092923837936
370,2202,2019-01-01,JUBLFOOD,2018-01-01,250.17,2019-01-01,177.66,0.40813914218169534,"365 days, 0:00:00",0.019670741122370744,20.7485391446454
371,2197,2019-01-01,INFY,2018-01-01,665.05,2019-01-01,516.775,0.28692370954477286,"365 days, 0:00:00",0.014696542257889357,19.523211957611817
372,2102,2019-01-01,TORNTPHARM,2018-01-01,887.775,2019-01-01,695.225,0.2769606961774964,"365 days, 0:00:00",0.015256356540374091,18.153790221443344
373,2119,2019-01-01,COLPAL,2018-01-01,1323.9,2019-01-01,1102.6,0.20070741882822438,"365 days, 0:00:00",0.011619393972188188,17.273484254740932
374,2203,2019-01-01,KOTAKBANK,2018-01-01,1250.45,2019-01-01,999.95,0.2505125256262813,"365 days, 0:00:00",0.014669708027403774,17.076858323172548
375,2181,2019-01-01,PIDILITIND,2018-01-01,1101.95,2019-01-01,900.0,0.22438888888888894,"365 days, 0:00:00",0.013583032868032637,16.519792823072905
376,2122,2019-01-01,DABUR,2018-01-01,421.85,2019-01-01,349.0,0.20873925501432672,"365 days, 0:00:00",0.01269048379262091,16.44848678942418
377,2100,2019-01-01,RELIANCE,2018-01-01,1110.4734557208,2019-01-01,901.207159983945,0.23220665017861508,"365 days, 0:00:00",0.01483391740855601,15.653764530513113
378,2107,2019-01-01,UBL,2018-01-01,1362.7,2019-01-01,1060.3,0.2852023012354995,"365 days, 0:00:00",0.018815966878725766,15.157461908479595
379,2135,2019-01-01,HAVELLS,2018-01-01,694.8,2019-01-01,554.45,0.2531337361349083,"365 days, 0:00:00",0.016859717868806808,15.014114595787303
380,2162,2019-01-01,BAJAJFINSV,2018-01-01,652.195,2019-01-01,517.185,0.26104778754217567,"365 days, 0:00:00",0.01803516452276741,14.474377941639046
381,2157,2019-01-01,BERGEPAINT,2018-01-01,332.5,2019-01-01,268.9,0.23651915210115296,"365 days, 0:00:00",0.01638008132133816,14.439436988206033
382,2147,2019-01-01,ASIANPAINT,2018-01-01,1371.55,2019-01-01,1143.65,0.19927425348664352,"365 days, 0:00:00",0.013826416079451582,14.412574621040019
383,2128,2019-01-01,EXIDEIND,2018-01-01,267.5,2019-01-01,219.75,0.21729237770193402,"365 days, 0:00:00",0.015504923050172967,14.014411874137615
384,2133,2019-01-01,GODREJCP,2018-01-01,807.35,2019-01-01,657.5,0.22790874524714833,"365 days, 0:00:00",0.016679196073906315,13.664252415840295
385,2163,2019-01-01,HDFCBANK,2018-01-01,1074.05,2019-01-01,927.25,0.1583176058236721,"365 days, 0:00:00",0.012286811221578804,12.88516629486629
386,2186,2019-01-01,MARICO,2018-01-01,372.3,2019-01-01,320.7,0.1608980355472405,"365 days, 0:00:00",0.013230614923421294,12.161039866893352
387,2190,2019-01-01,ICICIBANK,2018-01-01,363.75,2019-01-01,310.3,0.17225265871737025,"365 days, 0:00:00",0.017484896405268225,9.851511540295444
388,2161,2019-01-01,BIOCON,2018-01-01,312.9,2019-01-01,269.0,0.16319702602230474,"365 days, 0:00:00",0.017211032137581565,9.482117325546788
389,2205,2019-01-01,LT,2018-01-01,1441.9,2019-01-01,1260.7,0.14372967399064016,"365 days, 0:00:00",0.015189322508897526,9.462546726916022
390,2236,2019-07-01,ADANIPOWER,2018-07-01,60.3,2019-07-01,16.15,2.73374613003096,"365 days, 0:00:00",0.028213786350322765,96.89398282409854
391,2317,2019-07-01,BATAINDIA,2018-07-01,1447.1,2019-07-01,859.4,0.6838491971142657,"365 days, 0:00:00",0.015389000328401735,44.43753216719105
392,2261,2019-07-01,SRF,2018-07-01,604.11,2019-07-01,339.32,0.7803548273016622,"365 days, 0:00:00",0.019360940550354023,40.30562592101927
393,2285,2019-07-01,DIVISLAB,2018-07-01,1610.2,2019-07-01,1038.6,0.550356248796457,"365 days, 0:00:00",0.01618736541541116,33.999124296810585
394,2352,2019-07-01,ICICIBANK,2018-07-01,439.0,2019-07-01,275.4,0.5940450254175745,"365 days, 0:00:00",0.017484896405268225,33.97475236047655
395,2275,2019-07-01,WIPRO,2018-07-01,282.0,2019-07-01,196.125,0.4378585086042065,"365 days, 0:00:00",0.013698988606099588,31.962834716808683
396,2342,2019-07-01,PFC,2018-07-01,129.2,2019-07-01,77.3,0.6714100905562742,"365 days, 0:00:00",0.021319007389004684,31.493496779899573
397,2314,2019-07-01,BAJFINANCE,2018-07-01,3699.0,2019-07-01,2296.35,0.610817166372722,"365 days, 0:00:00",0.019463610155228808,31.382521613475124
398,2311,2019-07-01,AXISBANK,2018-07-01,810.45,2019-07-01,510.8,0.5866288175411121,"365 days, 0:00:00",0.018746203977132895,31.293205720832713
399,2332,2019-07-01,MUTHOOTFIN,2018-07-01,631.2,2019-07-01,379.5,0.6632411067193678,"365 days, 0:00:00",0.021812779948675316,30.406078834515828
400,2265,2019-07-01,TITAN,2018-07-01,1323.2,2019-07-01,878.5,0.5062037564029597,"365 days, 0:00:00",0.01745073316827433,29.007592490339885
401,2253,2019-07-01,UPL,2018-07-01,632.133333333333,2019-07-01,412.533333333333,0.532320620555915,"365 days, 0:00:00",0.01921997313668288,27.696220841221564
402,2260,2019-07-01,RECLTD,2018-07-01,121.65,2019-07-01,78.4875,0.5499283325370283,"365 days, 0:00:00",0.020548491625089607,26.76246717134062
403,2297,2019-07-01,HAVELLS,2018-07-01,787.05,2019-07-01,543.35,0.4485138492684272,"365 days, 0:00:00",0.016859717868806808,26.60269007812106
404,2324,2019-07-01,BAJAJFINSV,2018-07-01,852.105,2019-07-01,582.11,0.4638212708938173,"365 days, 0:00:00",0.01803516452276741,25.71760686232133
405,2255,2019-07-01,SHREECEM,2018-07-01,21469.05,2019-07-01,15554.2,0.3802734952617298,"365 days, 0:00:00",0.015412787443665763,24.67259713089808
406,2357,2019-07-01,INDIGO,2018-07-01,1581.1,2019-07-01,1088.5,0.4525493798805695,"365 days, 0:00:00",0.02039210760875726,22.192378961663827
407,2254,2019-07-01,SIEMENS,2018-07-01,1330.45,2019-07-01,980.35,0.35711735604631,"365 days, 0:00:00",0.016245105999611254,21.983073305576205
408,2256,2019-07-01,SBIN,2018-07-01,361.55,2019-07-01,259.35,0.39406207827260453,"365 days, 0:00:00",0.01811452444472781,21.753928979752786
409,2262,2019-07-01,RELIANCE,2018-07-01,1256.93509749451,2019-07-01,963.318387168329,0.30479716180780725,"365 days, 0:00:00",0.01483391740855601,20.547314199821837
410,2306,2019-07-01,APOLLOHOSP,2018-07-01,1370.7,2019-07-01,1047.45,0.3086066160675927,"365 days, 0:00:00",0.017672427633646032,17.46260459881841
411,2334,2019-07-01,NESTLEIND,2018-07-01,11868.75,2019-07-01,9810.1,0.2098500524969164,"365 days, 0:00:00",0.012280867756392257,17.0875590112668
412,2291,2019-07-01,FEDERALBNK,2018-07-01,109.05,2019-07-01,81.85,0.33231521075137455,"365 days, 0:00:00",0.019595486687021324,16.95876280385916
413,2252,2019-07-01,TCS,2018-07-01,2239.55,2019-07-01,1847.75,0.2120416723041538,"365 days, 0:00:00",0.013009985044444389,16.298379404725086
414,2276,2019-07-01,MANAPPURAM,2018-07-01,135.9,2019-07-01,98.5,0.3796954314720813,"365 days, 0:00:00",0.026015387640132327,14.59503262931776
415,2325,2019-07-01,HDFCBANK,2018-07-01,1242.775,2019-07-01,1054.225,0.17885176314354165,"365 days, 0:00:00",0.012286811221578804,14.556401975919668
416,2367,2019-07-01,LT,2018-07-01,1556.65,2019-07-01,1275.1,0.22080621127754702,"365 days, 0:00:00",0.015189322508897526,14.536936137092635
417,2247,2019-07-01,TORNTPOWER,2018-07-01,290.65,2019-07-01,227.15,0.2795509575170591,"365 days, 0:00:00",0.02004446258079705,13.946542911301293
418,2288,2019-07-01,DRREDDY,2018-07-01,2654.85,2019-07-01,2235.05,0.18782577570971554,"365 days, 0:00:00",0.014072992845033343,13.346540979447965
419,2237,2019-07-01,JUSTDIAL,2018-07-01,761.6,2019-07-01,555.05,0.3721286370597245,"365 days, 0:00:00",0.02821092919346786,13.190938678683777
420,2405,2020-01-01,SRF,2019-01-01,687.91,2020-01-01,397.8,0.7292860734037203,"365 days, 0:00:00",0.019360940550354023,37.66790520878827
421,2461,2020-01-01,BATAINDIA,2019-01-01,1745.3,2020-01-01,1126.05,0.5499311753474535,"365 days, 0:00:00",0.015389000328401735,35.735341062571024
422,2420,2020-01-01,MANAPPURAM,2019-01-01,177.25,2020-01-01,92.5,0.9162162162162162,"365 days, 0:00:00",0.026015387640132327,35.21824194550252
423,2463,2020-01-01,BERGEPAINT,2019-01-01,517.45,2020-01-01,332.5,0.5562406015037595,"365 days, 0:00:00",0.01638008132133816,33.9583540882151
424,2465,2020-01-01,BHARTIARTL,2019-01-01,446.085745475438,2020-01-01,288.689301380711,0.5452105198978584,"365 days, 0:00:00",0.01676757239657634,32.5157695462929
425,2500,2020-01-01,IGL,2019-01-01,425.25,2020-01-01,271.65,0.5654334621755938,"365 days, 0:00:00",0.017856743423603976,31.664982172962976
426,2458,2020-01-01,BAJFINANCE,2019-01-01,4231.3,2020-01-01,2656.85,0.592600259706043,"365 days, 0:00:00",0.019463610155228808,30.44657465803402
427,2376,2020-01-01,TATACONSUM,2019-01-01,323.85,2020-01-01,219.1,0.47809219534459163,"365 days, 0:00:00",0.016988403378134898,28.14226768125398
428,2478,2020-01-01,NESTLEIND,2019-01-01,14779.05,2020-01-01,11015.05,0.3417142909019932,"365 days, 0:00:00",0.012280867756392257,27.824930426771274
429,2496,2020-01-01,ICICIBANK,2019-01-01,536.75,2020-01-01,363.75,0.4756013745704467,"365 days, 0:00:00",0.017484896405268225,27.200697307371367
430,2497,2020-01-01,ICICIPRULI,2019-01-01,480.95,2020-01-01,325.9,0.47575943540963495,"365 days, 0:00:00",0.017888467312625597,26.5958747105095
431,2398,2020-01-01,SIEMENS,2019-01-01,1491.25,2020-01-01,1062.65,0.4033312944054956,"365 days, 0:00:00",0.016245105999611254,24.8278647375491
432,2468,2020-01-01,BAJAJFINSV,2019-01-01,937.845,2020-01-01,652.195,0.43798250523233073,"365 days, 0:00:00",0.01803516452276741,24.284918758541185
433,2406,2020-01-01,RELIANCE,2019-01-01,1495.42437890823,2020-01-01,1110.4734557208,0.3466547725245365,"365 days, 0:00:00",0.01483391740855601,23.36906448761745
434,2509,2020-01-01,KOTAKBANK,2019-01-01,1674.05,2020-01-01,1250.45,0.3387580471030428,"365 days, 0:00:00",0.014669708027403774,23.092351018181496
435,2453,2020-01-01,ASIANPAINT,2019-01-01,1793.2,2020-01-01,1371.55,0.30742590499799505,"365 days, 0:00:00",0.013826416079451582,22.23467768013162
436,2476,2020-01-01,MUTHOOTFIN,2019-01-01,760.6,2020-01-01,512.5,0.4840975609756098,"365 days, 0:00:00",0.021812779948675316,22.193299621353805
437,2487,2020-01-01,PIDILITIND,2019-01-01,1405.35,2020-01-01,1101.95,0.27533009664685315,"365 days, 0:00:00",0.013583032868032637,20.270148745265598
438,2456,2020-01-01,BPCL,2019-01-01,491.65,2020-01-01,367.2,0.3389161220043573,"365 days, 0:00:00",0.018434819761899212,18.384563905790046
439,2491,2020-01-01,NMDC,2019-01-01,128.35,2020-01-01,95.75,0.34046997389033934,"365 days, 0:00:00",0.01944719694920339,17.50740606883636
440,2480,2020-01-01,COFORGE,2019-01-01,1578.2,2020-01-01,1151.5,0.37056013894919676,"365 days, 0:00:00",0.021340184245739403,17.36443016058681
441,2508,2020-01-01,JUBLFOOD,2019-01-01,332.63,2020-01-01,250.17,0.32961586121437425,"365 days, 0:00:00",0.019670741122370744,16.756656963957262
442,2469,2020-01-01,HDFCBANK,2019-01-01,1278.6,2020-01-01,1074.05,0.19044737209627108,"365 days, 0:00:00",0.012286811221578804,15.500146348940111
443,2429,2020-01-01,DIVISLAB,2019-01-01,1818.85,2020-01-01,1475.45,0.2327425531193872,"365 days, 0:00:00",0.01618736541541116,14.378037879950803
444,2409,2020-01-01,TITAN,2019-01-01,1154.75,2020-01-01,928.0,0.2443426724137931,"365 days, 0:00:00",0.01745073316827433,14.001857117270658
445,2443,2020-01-01,HCLTECH,2019-01-01,571.95,2020-01-01,479.925,0.19174871073605257,"365 days, 0:00:00",0.014577507402455748,13.15373784023943
446,2399,2020-01-01,SHREECEM,2019-01-01,20319.9,2020-01-01,16973.25,0.19717202067959885,"365 days, 0:00:00",0.015412787443665763,12.792755457133824
447,2457,2020-01-01,BAJAJ_AUTO,2019-01-01,3150.1,2020-01-01,2726.65,0.15530046027176198,"365 days, 0:00:00",0.013412170541594414,11.57906990446754
448,2447,2020-01-01,ADANIENT,2019-01-01,207.85,2020-01-01,157.25,0.32178060413354526,"365 days, 0:00:00",0.029337072172764555,10.968395286298351
449,2472,2020-01-01,MFSL,2019-01-01,542.2,2020-01-01,443.55,0.22241010032690797,"365 days, 0:00:00",0.020533134377776707,10.831765683451888
450,2599,2020-07-01,BALKRISIND,2019-07-01,1269.85,2020-07-01,766.05,0.6576594217087657,"366 days, 0:00:00",0.018086860879876324,36.36116991647158
451,2573,2020-07-01,ESCORTS,2019-07-01,1033.85,2020-07-01,570.25,0.8129767645769398,"366 days, 0:00:00",0.0224233400171296,36.2558282555539
452,2605,2020-07-01,BHARTIARTL,2019-07-01,551.235231255386,2020-07-01,342.953634013215,0.6073170731707288,"366 days, 0:00:00",0.01676757239657634,36.219737646383024
453,2616,2020-07-01,MUTHOOTFIN,2019-07-01,1096.95,2020-07-01,631.2,0.737880228136882,"366 days, 0:00:00",0.021812779948675316,33.827885756565074
454,2619,2020-07-01,NESTLEIND,2019-07-01,16798.85,2020-07-01,11868.75,0.4153849394418114,"366 days, 0:00:00",0.012280867756392257,33.82374500577138
455,2572,2020-07-01,DRREDDY,2019-07-01,3911.45,2020-07-01,2654.85,0.4733224099289979,"366 days, 0:00:00",0.014072992845033343,33.63338666771534
456,2603,2020-07-01,BERGEPAINT,2019-07-01,494.3,2020-07-01,319.5,0.5471048513302035,"366 days, 0:00:00",0.01638008132133816,33.40061875135478
457,2548,2020-07-01,TORNTPHARM,2019-07-01,1169.05,2020-07-01,776.2,0.5061195568152537,"366 days, 0:00:00",0.015256356540374091,33.174339854726774
458,2607,2020-07-01,BIOCON,2019-07-01,388.45,2020-07-01,252.2,0.5402458366375893,"366 days, 0:00:00",0.017211032137581565,31.38950832924903
459,2523,2020-07-01,CADILAHC,2019-07-01,348.7,2020-07-01,240.35,0.45080091533180777,"366 days, 0:00:00",0.016440139154902556,27.420748150868057
460,2545,2020-07-01,RELIANCE,2019-07-01,1737.6,2020-07-01,1256.93509749451,0.3824102799449351,"366 days, 0:00:00",0.01483391740855601,25.779453222812595
461,2641,2020-07-01,IGL,2019-07-01,438.7,2020-07-01,304.9,0.43883240406690727,"366 days, 0:00:00",0.017856743423603976,24.575164331858836
462,2516,2020-07-01,TATACONSUM,2019-07-01,384.5,2020-07-01,271.55,0.4159454980666543,"366 days, 0:00:00",0.016988403378134898,24.484084160728212
463,2569,2020-07-01,DIVISLAB,2019-07-01,2241.25,2020-07-01,1610.2,0.3919078375357098,"366 days, 0:00:00",0.01618736541541116,24.210724072652024
464,2584,2020-07-01,BRITANNIA,2019-07-01,3545.95,2020-07-01,2737.55,0.2953005424558454,"366 days, 0:00:00",0.01374318860876179,21.48704721025079
465,2565,2020-07-01,COLPAL,2019-07-01,1374.8,2020-07-01,1130.7,0.2158839656849738,"366 days, 0:00:00",0.011619393972188188,18.57962353300928
466,2649,2020-07-01,JUBLFOOD,2019-07-01,339.42,2020-07-01,249.32,0.3613829616557036,"366 days, 0:00:00",0.019670741122370744,18.371598680881284
467,2593,2020-07-01,ASIANPAINT,2019-07-01,1688.0,2020-07-01,1353.85,0.2468146397311372,"366 days, 0:00:00",0.013826416079451582,17.850948381189394
468,2636,2020-07-01,HINDUNILVR,2019-07-01,2170.4,2020-07-01,1780.2,0.2191888551848107,"366 days, 0:00:00",0.012575170868201339,17.43028842169219
469,2613,2020-07-01,MGL,2019-07-01,1050.05,2020-07-01,824.8,0.2730965082444229,"366 days, 0:00:00",0.016298094747229645,16.756345602349864
470,2612,2020-07-01,MFSL,2019-07-01,536.7,2020-07-01,404.45,0.32698726665842515,"366 days, 0:00:00",0.020533134377776707,15.924858847284803
471,2568,2020-07-01,DABUR,2019-07-01,466.6,2020-07-01,401.75,0.16141879278158064,"366 days, 0:00:00",0.01269048379262091,12.719672111747247
472,2594,2020-07-01,AUROPHARMA,2019-07-01,775.75,2020-07-01,615.35,0.2606646623872592,"366 days, 0:00:00",0.021062483158115927,12.375780216912283
473,2618,2020-07-01,NAUKRI,2019-07-01,2758.9,2020-07-01,2244.0,0.22945632798573978,"366 days, 0:00:00",0.019789464727531514,11.594872885395196
474,2653,2020-07-01,LUPIN,2019-07-01,903.4,2020-07-01,772.15,0.16997992618014635,"366 days, 0:00:00",0.015334629669143321,11.08471021782702
475,2615,2020-07-01,MRF,2019-07-01,65836.8,2020-07-01,56758.85,0.15993893463310135,"366 days, 0:00:00",0.015036859787979187,10.636458468606605
476,2628,2020-07-01,PIDILITIND,2019-07-01,1370.75,2020-07-01,1206.45,0.13618467404368184,"366 days, 0:00:00",0.013583032868032637,10.026087352272365
477,2544,2020-07-01,SRF,2019-07-01,719.59,2020-07-01,604.11,0.191157239575574,"366 days, 0:00:00",0.019360940550354023,9.873344689965418
478,2555,2020-07-01,SUNPHARMA,2019-07-01,468.15,2020-07-01,405.35,0.15492784013815208,"366 days, 0:00:00",0.015717033831178423,9.857320522579545
479,2563,2020-07-01,CIPLA,2019-07-01,627.1,2020-07-01,555.8,0.12828355523569643,"366 days, 0:00:00",0.013827003725798166,9.277755165158982
480,2709,2021-01-01,DIVISLAB,2020-01-01,3849.05,2021-01-01,1818.85,1.116199796574759,"366 days, 0:00:00",0.01618736541541116,68.95500088680784
481,2712,2021-01-01,DRREDDY,2020-01-01,5241.35,2021-01-01,2879.4,0.820292422032368,"366 days, 0:00:00",0.014072992845033343,58.28841320855688
482,2660,2021-01-01,MINDTREE,2020-01-01,1659.25,2021-01-01,811.75,1.0440406529103787,"366 days, 0:00:00",0.018139982231714494,57.554667891849505
483,2659,2021-01-01,CADILAHC,2020-01-01,478.4,2021-01-01,254.25,0.8816125860373647,"366 days, 0:00:00",0.016440139154902556,53.625615801096316
484,2703,2021-01-01,CIPLA,2020-01-01,826.6,2021-01-01,475.9,0.7369195209077538,"366 days, 0:00:00",0.013827003725798166,53.29567674396609
485,2657,2021-01-01,TATACONSUM,2020-01-01,601.5,2021-01-01,323.85,0.8573413617415468,"366 days, 0:00:00",0.016988403378134898,50.46627058814703
486,2713,2021-01-01,ESCORTS,2020-01-01,1287.8,2021-01-01,606.2,1.1243813922797754,"366 days, 0:00:00",0.0224233400171296,50.143350251159724
487,2734,2021-01-01,AUROPHARMA,2020-01-01,927.75,2021-01-01,458.1,1.025212835625409,"366 days, 0:00:00",0.021062483158115927,48.67483230391891
488,2784,2021-01-01,INFY,2020-01-01,1260.45,2021-01-01,736.85,0.7105923865101446,"366 days, 0:00:00",0.014696542257889357,48.35099127678732
489,2727,2021-01-01,ADANIENT,2020-01-01,491.15,2021-01-01,207.85,1.3630021650228528,"366 days, 0:00:00",0.029337072172764555,46.460061078903884
490,2723,2021-01-01,HCLTECH,2020-01-01,950.5,2021-01-01,571.95,0.6618585540694115,"366 days, 0:00:00",0.014577507402455748,45.40272460831773
491,2758,2021-01-01,NAUKRI,2020-01-01,4754.7,2021-01-01,2565.6,0.8532507015902713,"366 days, 0:00:00",0.019789464727531514,43.11641135008625
492,2699,2021-01-01,WIPRO,2020-01-01,388.1,2021-01-01,247.7,0.5668146951958015,"366 days, 0:00:00",0.013698988606099588,41.37639000177156
493,2733,2021-01-01,ASIANPAINT,2020-01-01,2775.55,2021-01-01,1793.2,0.5478195404862816,"366 days, 0:00:00",0.013826416079451582,39.62122485959576
494,2730,2021-01-01,APOLLOHOSP,2020-01-01,2414.85,2021-01-01,1426.35,0.6930276580082028,"366 days, 0:00:00",0.017672427633646032,39.21519286285078
495,2739,2021-01-01,BALKRISIND,2020-01-01,1642.1,2021-01-01,987.25,0.6633071663712331,"366 days, 0:00:00",0.018086860879876324,36.67342668120134
496,2789,2021-01-01,JUBLFOOD,2020-01-01,558.56,2021-01-01,332.63,0.6792231608694344,"366 days, 0:00:00",0.019670741122370744,34.529617193577984
497,2761,2021-01-01,COFORGE,2020-01-01,2722.25,2021-01-01,1578.2,0.7249081231783043,"366 days, 0:00:00",0.021340184245739403,33.96915953633499
498,2685,2021-01-01,TORNTPHARM,2020-01-01,1397.525,2021-01-01,921.85,0.5160004339100722,"366 days, 0:00:00",0.015256356540374091,33.82199626395332
499,2747,2021-01-01,BIOCON,2020-01-01,465.75,2021-01-01,294.55,0.5812255983703954,"366 days, 0:00:00",0.017211032137581565,33.77052542370462
500,2680,2021-01-01,SRF,2020-01-01,1136.24,2021-01-01,687.91,0.6517276969370994,"366 days, 0:00:00",0.019360940550354023,33.6619853380616
501,2697,2021-01-01,LALPATHLAB,2020-01-01,2407.2,2021-01-01,1533.4,0.5698447893569842,"366 days, 0:00:00",0.017490729817472947,32.5798177265147
502,2676,2021-01-01,SAIL,2020-01-01,74.5,2021-01-01,42.9,0.7365967365967366,"366 days, 0:00:00",0.02262713415312406,32.553691139672544
503,2743,2021-01-01,BERGEPAINT,2020-01-01,767.05,2021-01-01,517.45,0.48236544593680525,"366 days, 0:00:00",0.01638008132133816,29.44829372174318
504,2698,2021-01-01,AARTIIND,2020-01-01,630.25,2021-01-01,418.9,0.5045356887085224,"366 days, 0:00:00",0.018338801801976008,27.51192221588646
505,2756,2021-01-01,MUTHOOTFIN,2020-01-01,1213.35,2021-01-01,760.6,0.5952537470418089,"366 days, 0:00:00",0.021812779948675316,27.289219826286217
506,2668,2021-01-01,TCS,2020-01-01,2928.25,2021-01-01,2167.6,0.35091806606384945,"366 days, 0:00:00",0.013009985044444389,26.972979973847153
507,2779,2021-01-01,IDEA,2020-01-01,11.2,2021-01-01,6.1,0.8360655737704918,"366 days, 0:00:00",0.03299811173790475,25.336770188886533
508,2717,2021-01-01,GLENMARK,2020-01-01,502.6,2021-01-01,345.7,0.45386172982354656,"366 days, 0:00:00",0.018366576992764602,24.711285614207945
509,2721,2021-01-01,HAVELLS,2020-01-01,909.9,2021-01-01,649.5,0.4009237875288683,"366 days, 0:00:00",0.016859717868806808,23.779982004956434
510,2886,2021-07-01,ADANIENT,2020-07-01,1490.25,2021-07-01,157.65,8.45290199809705,"365 days, 0:00:00",0.029337072172764555,288.13038834681015
511,2820,2021-07-01,SAIL,2020-07-01,126.95,2021-07-01,30.35,3.1828665568369026,"365 days, 0:00:00",0.02262713415312406,140.6659162091658
512,2839,2021-07-01,DEEPAKNTR,2020-07-01,1882.35,2021-07-01,478.75,2.9318015665796344,"365 days, 0:00:00",0.02162183802596596,135.59446532985743
513,2948,2021-07-01,JSWSTEEL,2020-07-01,680.55,2021-07-01,191.45,2.5547140245494906,"365 days, 0:00:00",0.019382537727827467,131.80492979934684
514,2838,2021-07-01,TATASTEEL,2020-07-01,116.355,2021-07-01,32.37,2.5945319740500468,"365 days, 0:00:00",0.019955394667812227,130.0165703179497
515,2829,2021-07-01,TATAMOTORS,2020-07-01,344.25,2021-07-01,100.75,2.4168734491315136,"365 days, 0:00:00",0.022074076849825628,109.48921966585459
516,2858,2021-07-01,WIPRO,2020-07-01,539.35,2021-07-01,219.05,1.462223236703949,"365 days, 0:00:00",0.013698988606099588,106.73950309389133
517,2889,2021-07-01,APOLLOHOSP,2020-07-01,3678.45,2021-07-01,1319.65,1.7874436403591858,"365 days, 0:00:00",0.017672427633646032,101.14307312008016
518,2804,2021-07-01,MINDTREE,2020-07-01,2581.05,2021-07-01,923.7,1.7942513803182851,"365 days, 0:00:00",0.018139982231714494,98.91141884259179
519,2921,2021-07-01,COFORGE,2020-07-01,4193.6,2021-07-01,1384.95,2.027979349434998,"365 days, 0:00:00",0.021340184245739403,95.03101407570495
520,2879,2021-07-01,GRASIM,2020-07-01,1500.3,2021-07-01,614.35,1.4420932693090256,"365 days, 0:00:00",0.015615907331853604,92.34770920850806
521,2834,2021-07-01,TATAPOWER,2020-07-01,121.35,2021-07-01,46.1,1.6323210412147504,"365 days, 0:00:00",0.018773533047904366,86.94799412819962
522,2914,2021-07-01,MPHASIS,2020-07-01,2171.8,2021-07-01,882.0,1.462358276643991,"365 days, 0:00:00",0.01733427222891721,84.36225399786154
523,2866,2021-07-01,CUMMINSIND,2020-07-01,889.6,2021-07-01,397.2,1.2396777442094664,"365 days, 0:00:00",0.015944113842468355,77.75143582501843
524,2944,2021-07-01,INFY,2020-07-01,1560.4,2021-07-01,731.9,1.131985243885777,"365 days, 0:00:00",0.014696542257889357,77.0239165119338
525,2861,2021-07-01,CHOLAFIN,2020-07-01,506.15,2021-07-01,197.0,1.5692893401015227,"365 days, 0:00:00",0.0210236264010954,74.64408423942301
526,2855,2021-07-01,TATACHEM,2020-07-01,723.05,2021-07-01,308.35,1.3449002756607749,"365 days, 0:00:00",0.018155028474318144,74.07866517880996
527,2910,2021-07-01,HINDALCO,2020-07-01,379.4,2021-07-01,147.55,1.5713317519484917,"365 days, 0:00:00",0.021533651338572116,72.97098514518281
528,2891,2021-07-01,ASHOKLEY,2020-07-01,122.45,2021-07-01,48.2,1.5404564315352696,"365 days, 0:00:00",0.021668048389951268,71.09345538704208
529,2819,2021-07-01,SBIN,2020-07-01,420.4,2021-07-01,184.8,1.2748917748917745,"365 days, 0:00:00",0.01811452444472781,70.37953321831911
530,2913,2021-07-01,MOTHERSON,2020-07-01,163.2,2021-07-01,64.7333333333333,1.521112255406798,"365 days, 0:00:00",0.021940153312871444,69.33006500526228
531,2903,2021-07-01,BHARATFORG,2020-07-01,765.65,2021-07-01,337.35,1.269601304283385,"365 days, 0:00:00",0.01891191859830739,67.13233761470472
532,2917,2021-07-01,NATIONALUM,2020-07-01,77.95,2021-07-01,31.6,1.4667721518987342,"365 days, 0:00:00",0.022107732962804456,66.34656544687466
533,2932,2021-07-01,NMDC,2020-07-01,184.45,2021-07-01,81.0,1.2771604938271603,"365 days, 0:00:00",0.01944719694920339,65.67324314980398
534,2841,2021-07-01,LTTS,2020-07-01,2892.6,2021-07-01,1298.7,1.2273042273042272,"365 days, 0:00:00",0.019447790286163294,63.10764406881892
535,2842,2021-07-01,TECHM,2020-07-01,1085.15,2021-07-01,545.9,0.987818281736582,"365 days, 0:00:00",0.015716185251118824,62.85356566831381
536,2837,2021-07-01,GUJGASLTD,2020-07-01,675.0,2021-07-01,326.6,1.0667483159828535,"365 days, 0:00:00",0.01735849844826623,61.45395116761384
537,2856,2021-07-01,LALPATHLAB,2020-07-01,3267.4,2021-07-01,1577.55,1.0711863332382494,"365 days, 0:00:00",0.017490729817472947,61.24308959184494
538,2868,2021-07-01,DIVISLAB,2020-07-01,4435.7,2021-07-01,2241.25,0.9791187953151143,"365 days, 0:00:00",0.01618736541541116,60.48660607753659
539,2822,2021-07-01,VEDL,2020-07-01,262.9,2021-07-01,107.7,1.4410399257195914,"365 days, 0:00:00",0.02382791362590335,60.476966147511774
540,2992,2022-01-01,IEX,2021-01-01,252.8,2022-01-01,73.4,2.444141689373297,"365 days, 0:00:00",0.018517661828841223,131.9897572363348
541,3015,2022-01-01,PERSISTENT,2021-01-01,4904.35,2022-01-01,1497.55,2.274915695636206,"365 days, 0:00:00",0.01759694778713061,129.27899333201114
542,2976,2022-01-01,MINDTREE,2021-01-01,4780.0,2022-01-01,1659.25,1.8808196474310683,"365 days, 0:00:00",0.018139982231714494,103.68365433913125
543,3030,2022-01-01,TATAPOWER,2021-01-01,220.95,2022-01-01,77.35,1.856496444731739,"365 days, 0:00:00",0.018773533047904366,98.8890285059569
544,3083,2022-01-01,ADANIENT,2021-01-01,1709.45,2022-01-01,491.15,2.480504937391836,"365 days, 0:00:00",0.029337072172764555,84.55189129931802
545,3032,2022-01-01,IRCTC,2021-01-01,831.75,2022-01-01,289.0,1.8780276816608996,"365 days, 0:00:00",0.02266080081224133,82.87560961421946
546,3025,2022-01-01,TATAMOTORS,2021-01-01,482.4,2022-01-01,186.5,1.5865951742627344,"365 days, 0:00:00",0.022074076849825628,71.87594684283559
547,3111,2022-01-01,MPHASIS,2021-01-01,3396.7,2022-01-01,1529.9,1.220210471272632,"365 days, 0:00:00",0.01733427222891721,70.39294497966084
548,3035,2022-01-01,DEEPAKNTR,2021-01-01,2490.2,2022-01-01,987.85,1.520828060940426,"365 days, 0:00:00",0.02162183802596596,70.33759383055423
549,2997,2022-01-01,POLYCAB,2021-01-01,2466.5,2022-01-01,1035.45,1.38205611086967,"365 days, 0:00:00",0.019861832144072056,69.58351580280359
550,3037,2022-01-01,LTTS,2021-01-01,5598.95,2022-01-01,2409.5,1.323697862627101,"365 days, 0:00:00",0.019447790286163294,68.06417814824366
551,3054,2022-01-01,WIPRO,2021-01-01,715.35,2022-01-01,388.1,0.8432105127544447,"365 days, 0:00:00",0.013698988606099588,61.55275670344001
552,3086,2022-01-01,APOLLOHOSP,2021-01-01,5013.4,2022-01-01,2414.85,1.076070977493426,"365 days, 0:00:00",0.017672427633646032,60.88982225875551
553,3012,2022-01-01,SRF,2021-01-01,2420.1,2022-01-01,1136.24,1.129919735267197,"365 days, 0:00:00",0.019360940550354023,58.360787397104836
554,3114,2022-01-01,NATIONALUM,2021-01-01,101.0,2022-01-01,44.35,1.2773393461104847,"365 days, 0:00:00",0.022107732962804456,57.77794350327855
555,3031,2022-01-01,LTIM,2021-01-01,7332.0,2022-01-01,3699.3,0.9819965939502067,"365 days, 0:00:00",0.017871345545007012,54.948106256306026
556,3118,2022-01-01,COFORGE,2021-01-01,5890.35,2022-01-01,2722.25,1.1637799614289652,"365 days, 0:00:00",0.021340184245739403,54.53467261705182
557,3038,2022-01-01,TECHM,2021-01-01,1790.55,2022-01-01,977.95,0.8309218262692365,"365 days, 0:00:00",0.015716185251118824,52.87045252982646
558,2998,2022-01-01,DIXON,2021-01-01,5509.55,2022-01-01,2724.38,1.022313333675919,"365 days, 0:00:00",0.020563844320939745,49.71411559631961
559,2968,2022-01-01,BSOFT,2021-01-01,544.7,2022-01-01,249.2,1.1857945425361158,"365 days, 0:00:00",0.02396598902837589,49.47822270685876
560,3051,2022-01-01,TATACHEM,2021-01-01,894.2,2022-01-01,479.95,0.8631107407021567,"365 days, 0:00:00",0.018155028474318144,47.54113946574644
561,3009,2022-01-01,VEDL,2021-01-01,341.2,2022-01-01,160.4,1.1271820448877805,"365 days, 0:00:00",0.02382791362590335,47.305108730225534
562,3076,2022-01-01,GRASIM,2021-01-01,1622.25,2022-01-01,933.4,0.7380008570816371,"365 days, 0:00:00",0.015615907331853604,47.25955664300402
563,3104,2022-01-01,BAJAJFINSV,2021-01-01,1640.62,2022-01-01,887.045,0.8495341273554329,"365 days, 0:00:00",0.01803516452276741,47.104318138212136
564,2960,2022-01-01,BALRAMCHIN,2021-01-01,367.5,2022-01-01,171.5,1.1428571428571428,"365 days, 0:00:00",0.02462741689366541,46.405887706034854
565,3107,2022-01-01,HINDALCO,2021-01-01,475.55,2022-01-01,238.35,0.9951751625760438,"365 days, 0:00:00",0.021533651338572116,46.21488232204438
566,3074,2022-01-01,GNFC,2021-01-01,440.65,2022-01-01,225.5,0.9541019955654101,"365 days, 0:00:00",0.022198805242188306,42.97988045555541
567,3017,2022-01-01,JKCEMENT,2021-01-01,3398.85,2022-01-01,1923.25,0.7672429481346679,"365 days, 0:00:00",0.01897865011104228,40.42663433097729
568,3007,2022-01-01,HINDCOPPER,2021-01-01,124.7,2022-01-01,62.1,1.0080515297906603,"365 days, 0:00:00",0.025470454678746587,39.57728837215508
569,3022,2022-01-01,ASTRAL,2021-01-01,1711.35,2022-01-01,982.321875,0.7421479084948607,"365 days, 0:00:00",0.018957994469386057,39.1469630236101
570,3186,2022-07-01,HAL,2021-07-01,1736.2,2022-07-01,1013.75,0.7126510480887793,"365 days, 0:00:00",0.018155079668190903,39.2535346092366
571,3225,2022-07-01,TATAPOWER,2021-07-01,207.0,2022-07-01,121.35,0.7058096415327566,"365 days, 0:00:00",0.018773533047904366,37.595994303882186
572,3154,2022-07-01,INDHOTEL,2021-07-01,225.75,2022-07-01,136.965919647004,0.6482202330464042,"365 days, 0:00:00",0.019008496314382964,34.101605004701085
573,3339,2022-07-01,ITC,2021-07-01,284.35,2022-07-01,203.0,0.40073891625615776,"365 days, 0:00:00",0.013425745565684044,29.84854094661521
574,3347,2022-07-01,M_M,2021-07-01,1107.35,2022-07-01,779.45,0.42068124959907605,"365 days, 0:00:00",0.015751311336231477,26.707696941486816
575,3270,2022-07-01,GNFC,2021-07-01,581.05,2022-07-01,375.65,0.546785571675762,"365 days, 0:00:00",0.022198805242188306,24.631306311774335
576,3207,2022-07-01,SRF,2021-07-01,2161.65,2022-07-01,1469.54,0.4709705077779442,"365 days, 0:00:00",0.019360940550354023,24.325807238188762
577,3317,2022-07-01,PAGEIND,2021-07-01,41375.8,2022-07-01,29623.85,0.3967056949046125,"365 days, 0:00:00",0.0171193070233775,23.172999605818486
578,3324,2022-07-01,PVRINOX,2021-07-01,1888.5,2022-07-01,1330.1,0.41981805879257206,"365 days, 0:00:00",0.01981279741167068,21.189236939619605
579,3242,2022-07-01,TVSMOTOR,2021-07-01,860.45,2022-07-01,624.3,0.37826365529392936,"365 days, 0:00:00",0.01927071703797696,19.628935163568748
580,3227,2022-07-01,IRCTC,2021-07-01,579.2,2022-07-01,406.96,0.42323569884018103,"365 days, 0:00:00",0.02266080081224133,18.67699656101958
581,3297,2022-07-01,BHARTIARTL,2021-07-01,673.45,2022-07-01,514.332042516518,0.309368159729951,"365 days, 0:00:00",0.01676757239657634,18.450384612212492
582,3279,2022-07-01,ADANIENT,2021-07-01,2232.2,2022-07-01,1490.25,0.4978694849857405,"365 days, 0:00:00",0.029337072172764555,16.970660264044483
583,3255,2022-07-01,COALINDIA,2021-07-01,183.25,2022-07-01,145.65,0.25815310676278747,"365 days, 0:00:00",0.015874686590077867,16.261934073340417
584,3153,2022-07-01,ABB,2021-07-01,2275.45,2022-07-01,1793.7,0.2685789150917097,"365 days, 0:00:00",0.017077054989422073,15.727472638465695
585,3323,2022-07-01,POWERGRID,2021-07-01,206.5,2022-07-01,173.1,0.19295205083766612,"365 days, 0:00:00",0.012849515615869403,15.016289843592746
586,3244,2022-07-01,TRENT,2021-07-01,1073.55,2022-07-01,857.9,0.2513696234992423,"365 days, 0:00:00",0.01771210727726247,14.191965956638741
587,3315,2022-07-01,NTPC,2021-07-01,140.65,2022-07-01,117.35,0.19855134213890083,"365 days, 0:00:00",0.014028304570963587,14.153623564024358
588,3187,2022-07-01,IEX,2021-07-01,159.75,2022-07-01,126.8,0.2598580441640379,"365 days, 0:00:00",0.018517661828841223,14.032983568114927
589,3238,2022-07-01,SUNPHARMA,2021-07-01,829.25,2022-07-01,684.15,0.21208799239932768,"365 days, 0:00:00",0.015717033831178423,13.494148748258175
590,3294,2022-07-01,BEL,2021-07-01,76.6,2022-07-01,61.55,0.24451665312753856,"365 days, 0:00:00",0.0189006119624601,12.936970168648038
591,3253,2022-07-01,CHOLAFIN,2021-07-01,640.35,2022-07-01,506.15,0.2651387928479701,"365 days, 0:00:00",0.0210236264010954,12.611468059295207
592,3194,2022-07-01,SIEMENS,2021-07-01,2407.1,2022-07-01,2019.85,0.19172215758595937,"365 days, 0:00:00",0.016245105999611254,11.801840972324051
593,3200,2022-07-01,ABBOTINDIA,2021-07-01,19100.4,2022-07-01,16736.35,0.1412524236168581,"365 days, 0:00:00",0.013525323676212994,10.443552183914012
594,3215,2022-07-01,RELIANCE,2021-07-01,2408.7,2022-07-01,2097.95,0.14812078457541888,"365 days, 0:00:00",0.01483391740855601,9.985277691379402
595,3264,2022-07-01,ESCORTS,2021-07-01,1466.5,2022-07-01,1200.85,0.22121830370154483,"365 days, 0:00:00",0.0224233400171296,9.86553758416686
596,3258,2022-07-01,CUMMINSIND,2021-07-01,1026.1,2022-07-01,889.6,0.1534397482014387,"365 days, 0:00:00",0.015944113842468355,9.623598383545175
597,3157,2022-07-01,UNITDSPR,2021-07-01,788.8,2022-07-01,663.95,0.18804126816778358,"365 days, 0:00:00",0.02020041942437722,9.308780388037952
598,3220,2022-07-01,TATAMOTORS,2021-07-01,412.7,2022-07-01,344.25,0.19883805374001448,"365 days, 0:00:00",0.022074076849825628,9.007763046796912
599,3284,2022-07-01,ASHOKLEY,2021-07-01,146.3,2022-07-01,122.45,0.194773376888526,"365 days, 0:00:00",0.021668048389951268,8.988967228763146
